<DATE>	<OPEN>	<HIGH>	<LOW>	<CLOSE>	<TICKVOL>	<VOL>	<SPREAD>
2020.01.02	1.12078	1.12241	1.11631	1.11720	28780	0	3
2020.01.03	1.11710	1.11795	1.11244	1.11559	32891	0	0
2020.01.06	1.11625	1.12050	1.11566	1.11964	27182	0	5
2020.01.07	1.11928	1.11969	1.11331	1.11514	30360	0	4
2020.01.08	1.11510	1.11677	1.11016	1.11038	40883	0	0
2020.01.09	1.11046	1.11199	1.10925	1.11059	26890	0	2
2020.01.10	1.11040	1.11287	1.10846	1.11160	25896	0	1
2020.01.13	1.11150	1.11463	1.11117	1.11336	22112	0	5
2020.01.14	1.11331	1.11439	1.11039	1.11258	26391	0	4
2020.01.15	1.11255	1.11629	1.11181	1.11490	23635	0	3
2020.01.16	1.11488	1.11721	1.11275	1.11351	24778	0	0
2020.01.17	1.11348	1.11421	1.10857	1.10884	23173	0	3
2020.01.20	1.10913	1.11019	1.10762	1.10954	15599	0	5
2020.01.21	1.10936	1.11176	1.10805	1.10814	23671	0	6
2020.01.22	1.10812	1.10979	1.10696	1.10937	24161	0	1
2020.01.23	1.10909	1.11081	1.10358	1.10572	30719	0	1
2020.01.24	1.10502	1.10611	1.10195	1.10210	25896	0	5
2020.01.27	1.10290	1.10371	1.10092	1.10187	26172	0	1
2020.01.28	1.10179	1.10247	1.09974	1.10210	21867	0	4
2020.01.29	1.10216	1.10270	1.09919	1.10095	21810	0	0
2020.01.30	1.10080	1.10388	1.10040	1.10307	26583	0	5
2020.01.31	1.10302	1.10949	1.10164	1.10940	29403	0	0
2020.02.03	1.10930	1.10933	1.10351	1.10603	28381	0	0
2020.02.04	1.10568	1.10637	1.10322	1.10438	24642	0	3
2020.02.05	1.10434	1.10474	1.09932	1.09983	25007	0	0
2020.02.06	1.09980	1.10134	1.09638	1.09802	22936	0	5
2020.02.07	1.09799	1.09845	1.09414	1.09434	27046	0	6
2020.02.10	1.09431	1.09570	1.09071	1.09101	21168	0	4
2020.02.11	1.09098	1.09242	1.08907	1.09153	23281	0	5
2020.02.12	1.09142	1.09250	1.08647	1.08730	24848	0	0
2020.02.13	1.08714	1.08882	1.08335	1.08385	25811	0	0
2020.02.14	1.08379	1.08607	1.08266	1.08292	23003	0	0
2020.02.17	1.08382	1.08505	1.08287	1.08318	16376	0	0
2020.02.18	1.08333	1.08371	1.07850	1.07901	28518	0	1
2020.02.19	1.07894	1.08111	1.07817	1.08062	26404	0	0
2020.02.20	1.08019	1.08206	1.07773	1.07827	33304	0	0
2020.02.21	1.07825	1.08630	1.07824	1.08474	33121	0	0
2020.02.24	1.08240	1.08715	1.08046	1.08529	43160	0	1
2020.02.25	1.08508	1.08901	1.08297	1.08802	45050	0	2
2020.02.26	1.08793	1.09081	1.08545	1.08793	47153	0	0
2020.02.27	1.08791	1.10056	1.08741	1.09993	58328	0	0
2020.02.28	1.09974	1.10523	1.09504	1.10240	72300	0	0
2020.03.02	1.10441	1.11847	1.10356	1.11313	78232	0	0
2020.03.03	1.11321	1.12131	1.10946	1.11694	73666	0	0
2020.03.04	1.11674	1.11869	1.10949	1.11343	54124	0	0
2020.03.05	1.11321	1.12443	1.11190	1.12359	51232	0	0
2020.03.06	1.12357	1.13542	1.12111	1.12890	88393	0	0
2020.03.09	1.13453	1.14954	1.13397	1.14417	121892	0	0
2020.03.10	1.14446	1.14575	1.12743	1.12806	113655	0	0
2020.03.11	1.12744	1.13661	1.12568	1.12697	87075	0	0
2020.03.12	1.12672	1.13329	1.10548	1.11846	116220	0	0
2020.03.13	1.11821	1.12209	1.10544	1.11008	113759	0	0
2020.03.16	1.10540	1.12357	1.10540	1.11802	138230	0	0
2020.03.17	1.11783	1.11885	1.09544	1.09974	112982	0	0
2020.03.18	1.09962	1.10444	1.08011	1.09158	128672	0	0
2020.03.19	1.09052	1.09804	1.06545	1.06927	140029	0	0
2020.03.20	1.06904	1.08303	1.06373	1.06965	147595	0	0
2020.03.23	1.06999	1.08273	1.06353	1.07229	134334	0	0
2020.03.24	1.07206	1.08876	1.07190	1.07864	113052	0	0
2020.03.25	1.07851	1.08932	1.07596	1.08800	103345	0	0
2020.03.26	1.08804	1.10580	1.08697	1.10321	100677	0	0
2020.03.27	1.10286	1.11466	1.09528	1.11365	98701	0	0
2020.03.30	1.11107	1.11435	1.10095	1.10436	81879	0	0
2020.03.31	1.10391	1.10538	1.09260	1.10349	95985	0	0
2020.04.01	1.10270	1.10382	1.09021	1.09612	73674	0	0
2020.04.02	1.09594	1.09670	1.08200	1.08548	75684	0	0
2020.04.03	1.08536	1.08633	1.07720	1.08063	65151	0	0
2020.04.06	1.08072	1.08350	1.07677	1.07924	64859	0	0
2020.04.07	1.07911	1.09256	1.07829	1.08909	62250	0	0
2020.04.08	1.08897	1.09014	1.08294	1.08539	56030	0	3
2020.04.09	1.08549	1.09511	1.08405	1.09283	60415	0	3
2020.04.10	1.09273	1.09518	1.09174	1.09322	24003	0	0
2020.04.13	1.09467	1.09671	1.08921	1.09080	39327	0	1
2020.04.14	1.08939	1.09866	1.08939	1.09814	49116	0	2
2020.04.15	1.09770	1.09899	1.08563	1.09107	49073	0	0
2020.04.16	1.09047	1.09106	1.08161	1.08381	59176	0	3
2020.04.17	1.08322	1.08921	1.08115	1.08690	57822	0	0
2020.04.20	1.08619	1.08961	1.08406	1.08614	45444	0	3
2020.04.21	1.08588	1.08796	1.08161	1.08561	54676	0	1
2020.04.22	1.08554	1.08847	1.08027	1.08220	42227	0	0
2020.04.23	1.08212	1.08462	1.07554	1.07741	58953	0	3
2020.04.24	1.07750	1.08288	1.07265	1.08238	47201	0	0
2020.04.27	1.08198	1.08595	1.08107	1.08284	42664	0	4
2020.04.28	1.08251	1.08878	1.08093	1.08190	44600	0	5
2020.04.29	1.08177	1.08851	1.08165	1.08712	45694	0	5
2020.04.30	1.08678	1.09720	1.08325	1.09511	59981	0	0
2020.05.01	1.09462	1.10176	1.09339	1.09772	44980	0	0
2020.05.04	1.09653	1.09730	1.08951	1.09029	45635	0	5
2020.05.05	1.09008	1.09253	1.08253	1.08368	47042	0	3
2020.05.06	1.08259	1.08447	1.07815	1.07952	44909	0	1
2020.05.07	1.07896	1.08333	1.07659	1.08311	49808	0	2
2020.05.08	1.08295	1.08750	1.08146	1.08382	38928	0	0
2020.05.11	1.08249	1.08500	1.07998	1.08054	42265	0	4
2020.05.12	1.08033	1.08847	1.07838	1.08477	46860	0	0
2020.05.13	1.08466	1.08958	1.08111	1.08181	49901	0	0
2020.05.14	1.08168	1.08234	1.07743	1.08036	45803	0	0
2020.05.15	1.08032	1.08504	1.07883	1.08175	44144	0	0
2020.05.18	1.08025	1.09265	1.07994	1.09132	42348	0	0
2020.05.19	1.09153	1.09755	1.09016	1.09226	45544	0	5
2020.05.20	1.09210	1.09986	1.09161	1.09778	40538	0	0
2020.05.21	1.09760	1.10079	1.09366	1.09486	40651	0	0
2020.05.22	1.09451	1.09534	1.08848	1.09012	35751	0	4
2020.05.25	1.08894	1.09140	1.08701	1.08947	22858	0	5
2020.05.26	1.08939	1.09953	1.08911	1.09813	42235	0	4
2020.05.27	1.09809	1.10302	1.09333	1.10081	63523	0	0
2020.05.28	1.09966	1.10929	1.09911	1.10765	57192	0	0
2020.05.29	1.10757	1.11447	1.10684	1.11021	66619	0	0
2020.06.01	1.11085	1.11533	1.10999	1.11333	54175	0	0
2020.06.02	1.11349	1.11953	1.11146	1.11683	61398	0	0
2020.06.03	1.11672	1.12572	1.11660	1.12329	66567	0	0
2020.06.04	1.12322	1.13617	1.11942	1.13348	69632	0	0
2020.06.05	1.13357	1.13831	1.12779	1.12903	67662	0	0
2020.06.08	1.12921	1.13193	1.12676	1.12931	52576	0	0
2020.06.09	1.12893	1.13632	1.12405	1.13377	58890	0	2
2020.06.10	1.13340	1.14219	1.13209	1.13750	65817	0	0
2020.06.11	1.13700	1.14031	1.12880	1.12967	82663	0	0
2020.06.12	1.12928	1.13399	1.12120	1.12560	78685	0	0
2020.06.15	1.12323	1.13320	1.12258	1.13221	81102	0	0
2020.06.16	1.13213	1.13528	1.12274	1.12626	71019	0	3
2020.06.17	1.12622	1.12935	1.12064	1.12417	64286	0	1
2020.06.18	1.12392	1.12608	1.11850	1.12039	61172	0	4
2020.06.19	1.11994	1.12538	1.11677	1.11758	54313	0	0
2020.06.22	1.11809	1.12694	1.11678	1.12606	47392	0	2
2020.06.23	1.12543	1.13481	1.12327	1.13080	60321	0	0
2020.06.24	1.13064	1.13252	1.12478	1.12494	53637	0	0
2020.06.25	1.12488	1.12591	1.11898	1.12174	54486	0	0
2020.06.26	1.12158	1.12388	1.11946	1.12170	41710	0	4
2020.06.29	1.12162	1.12873	1.12159	1.12418	45406	0	3
2020.06.30	1.12401	1.12612	1.11904	1.12328	50101	0	4
2020.07.01	1.12322	1.12746	1.11845	1.12504	47776	0	0
2020.07.02	1.12502	1.13022	1.12229	1.12389	47515	0	0
2020.07.03	1.12287	1.12498	1.12188	1.12391	41330	0	5
2020.07.06	1.12391	1.13450	1.12391	1.13079	108010	0	1
2020.07.07	1.13084	1.13322	1.12582	1.12724	113124	0	1
2020.07.08	1.12725	1.13511	1.12617	1.13290	119313	0	1
2020.07.09	1.13260	1.13701	1.12796	1.12839	153332	0	1
2020.07.10	1.12839	1.13242	1.12541	1.12980	109989	0	2
2020.07.13	1.13034	1.13743	1.13003	1.13430	125323	0	1
2020.07.14	1.13426	1.14082	1.13246	1.13990	136628	0	1
2020.07.15	1.13983	1.14514	1.13906	1.14109	116969	0	1
2020.07.16	1.14095	1.14412	1.13701	1.13829	127907	0	1
2020.07.17	1.13829	1.14434	1.13716	1.14242	85183	0	1
2020.07.20	1.14041	1.14671	1.14019	1.14465	128805	0	1
2020.07.21	1.14469	1.15393	1.14222	1.15261	138152	0	1
2020.07.22	1.15257	1.16011	1.15063	1.15689	170742	0	1
2020.07.23	1.15698	1.16263	1.15398	1.15954	141908	0	1
2020.07.24	1.15952	1.16575	1.15806	1.16543	153084	0	1
2020.07.27	1.16402	1.17808	1.16402	1.17510	160406	0	1
2020.07.28	1.17509	1.17732	1.16980	1.17148	157113	0	1
2020.07.29	1.17144	1.18060	1.17078	1.17906	177954	0	1
2020.07.30	1.17904	1.18478	1.17302	1.18467	180261	0	1
2020.07.31	1.18465	1.19082	1.17615	1.17742	216079	0	1
2020.08.03	1.17698	1.17962	1.16952	1.17614	158060	0	1
2020.08.04	1.17612	1.18057	1.17208	1.18018	153118	0	1
2020.08.05	1.18018	1.19043	1.17923	1.18625	156292	0	1
2020.08.06	1.18625	1.19156	1.18175	1.18756	200314	0	1
2020.08.07	1.18753	1.18825	1.17547	1.17840	193773	0	1
2020.08.10	1.17858	1.18002	1.17353	1.17367	111189	0	1
2020.08.11	1.17368	1.18075	1.17215	1.17389	174719	0	1
2020.08.12	1.17392	1.18168	1.17105	1.17831	161489	0	1
2020.08.13	1.17831	1.18637	1.17673	1.18123	143851	0	1
2020.08.14	1.18124	1.18498	1.17811	1.18406	115891	0	1
2020.08.17	1.18374	1.18805	1.18256	1.18690	101715	0	1
2020.08.18	1.18692	1.19651	1.18620	1.19305	145409	0	1
2020.08.19	1.19297	1.19523	1.18298	1.18378	164458	0	1
2020.08.20	1.18348	1.18681	1.18014	1.18589	166420	0	1
2020.08.21	1.18593	1.18824	1.17536	1.17950	142501	0	1
2020.08.24	1.17884	1.18492	1.17837	1.17868	101364	0	1
2020.08.25	1.17794	1.18431	1.17794	1.18336	122640	0	1
2020.08.26	1.18335	1.18388	1.17716	1.18292	117065	0	1
2020.08.27	1.18285	1.19015	1.17616	1.18211	252762	0	1
2020.08.28	1.18211	1.19193	1.18104	1.19052	192636	0	1
2020.08.31	1.18936	1.19657	1.18839	1.19351	141171	0	1
2020.09.01	1.19350	1.20108	1.19007	1.19110	194689	0	1
2020.09.02	1.19107	1.19282	1.18216	1.18543	158612	0	1
2020.09.03	1.18539	1.18641	1.17883	1.18506	166042	0	1
2020.09.04	1.18469	1.18648	1.17803	1.18363	181550	0	1
2020.09.07	1.18436	1.18482	1.18103	1.18120	66893	0	1
2020.09.08	1.18110	1.18268	1.17649	1.17734	163989	0	1
2020.09.09	1.17725	1.18335	1.17522	1.18020	146802	0	1
2020.09.10	1.18020	1.19169	1.17984	1.18141	207515	0	1
2020.09.11	1.18143	1.18737	1.17995	1.18428	113411	0	1
2020.09.14	1.18349	1.18876	1.18315	1.18636	89079	0	1
2020.09.15	1.18634	1.19001	1.18389	1.18458	101425	0	1
2020.09.16	1.18453	1.18822	1.17875	1.18147	179308	0	1
2020.09.17	1.18147	1.18518	1.17366	1.18472	168889	0	1
2020.09.18	1.18465	1.18701	1.18255	1.18400	113559	0	1
2020.09.21	1.18388	1.18713	1.17312	1.17702	149717	0	1
2020.09.22	1.17704	1.17731	1.16912	1.17070	160406	0	1
2020.09.23	1.17066	1.17185	1.16507	1.16583	155510	0	1
2020.09.24	1.16593	1.16867	1.16260	1.16649	151641	0	1
2020.09.25	1.16592	1.16845	1.16115	1.16280	127631	0	1
2020.09.28	1.16227	1.16795	1.16146	1.16619	114399	0	1
2020.09.29	1.16598	1.17450	1.16580	1.17422	114347	0	1
2020.09.30	1.17415	1.17544	1.16840	1.17192	171902	0	1
2020.10.01	1.17185	1.17693	1.17119	1.17435	164205	0	1
2020.10.02	1.17394	1.17482	1.16951	1.17155	172814	0	1
2020.10.05	1.17097	1.17970	1.17037	1.17808	99675	0	1
2020.10.06	1.17810	1.18072	1.17312	1.17331	132824	0	1
2020.10.07	1.17327	1.17816	1.17245	1.17595	111254	0	1
2020.10.08	1.17560	1.17812	1.17321	1.17570	83694	0	1
2020.10.09	1.17547	1.18302	1.17478	1.18288	86821	0	1
2020.10.12	1.18048	1.18262	1.17862	1.18101	71856	0	1
2020.10.13	1.18093	1.18149	1.17304	1.17429	87449	0	1
2020.10.14	1.17430	1.17706	1.17195	1.17447	83445	0	1
2020.10.15	1.17446	1.17572	1.16879	1.17062	96880	0	1
2020.10.16	1.17064	1.17456	1.16934	1.17121	87476	0	1
2020.10.19	1.17184	1.17931	1.17026	1.17678	79765	0	1
2020.10.20	1.17677	1.18402	1.17572	1.18202	78502	0	1
2020.10.21	1.18202	1.18802	1.18185	1.18559	97838	0	1
2020.10.22	1.18539	1.18665	1.18109	1.18157	86160	0	1
2020.10.23	1.18165	1.18642	1.17862	1.18560	88733	0	1
2020.10.26	1.18515	1.18590	1.18027	1.18082	87693	0	4
2020.10.27	1.18071	1.18382	1.17918	1.17943	73191	0	1
2020.10.28	1.17949	1.17954	1.17174	1.17453	109251	0	1
2020.10.29	1.17453	1.17583	1.16496	1.16717	118618	0	1
2020.10.30	1.16726	1.17038	1.16395	1.16440	108642	0	1
2020.11.02	1.16434	1.16552	1.16217	1.16399	86324	0	1
2020.11.03	1.16400	1.17393	1.16139	1.17146	80023	0	1
2020.11.04	1.17064	1.17699	1.16016	1.17194	268356	0	1
2020.11.05	1.17200	1.18592	1.17073	1.18263	164202	0	1
2020.11.06	1.18155	1.18903	1.17947	1.18735	163852	0	1
2020.11.09	1.18884	1.19195	1.17948	1.18123	218466	0	1
2020.11.10	1.18113	1.18428	1.17794	1.18118	155710	0	1
2020.11.11	1.18110	1.18322	1.17449	1.17767	90052	0	1
2020.11.12	1.17748	1.18227	1.17580	1.18027	102065	0	1
2020.11.13	1.18022	1.18369	1.17903	1.18329	70317	0	5
2020.11.16	1.18395	1.18687	1.18136	1.18496	97343	0	10
2020.11.17	1.18496	1.18933	1.18418	1.18602	81056	0	10
2020.11.18	1.18595	1.18905	1.18487	1.18517	81377	0	10
2020.11.19	1.18513	1.18820	1.18157	1.18738	83277	0	10
2020.11.20	1.18738	1.18903	1.18492	1.18560	72660	0	10
2020.11.23	1.18521	1.19055	1.17994	1.18401	98027	0	10
2020.11.24	1.18401	1.18955	1.18355	1.18885	95297	0	10
2020.11.25	1.18884	1.19293	1.18814	1.19150	110530	0	10
2020.11.26	1.19150	1.19405	1.18847	1.19117	61747	0	10
2020.11.27	1.19113	1.19635	1.19057	1.19635	72541	0	10
2020.11.30	1.19575	1.20028	1.19220	1.19249	107433	0	10
2020.12.01	1.19249	1.20761	1.19242	1.20681	113651	0	10
2020.12.02	1.20663	1.21179	1.20394	1.21148	118506	0	10
2020.12.03	1.21148	1.21740	1.21005	1.21397	109324	0	10
2020.12.04	1.21432	1.21769	1.21096	1.21193	119141	0	10
2020.12.07	1.21299	1.21658	1.20780	1.21085	108044	0	10
2020.12.08	1.21085	1.21337	1.20950	1.21018	105336	0	9
2020.12.09	1.21018	1.21469	1.20582	1.20794	98434	0	9
2020.12.10	1.20794	1.21587	1.20681	1.21356	134662	0	9
2020.12.11	1.21356	1.21626	1.21049	1.21099	97700	0	9
2020.12.14	1.21346	1.21763	1.21151	1.21426	87422	0	9
2020.12.15	1.21434	1.21685	1.21207	1.21493	88192	0	9
2020.12.16	1.21493	1.22118	1.21245	1.21981	119332	0	9
2020.12.17	1.21981	1.22723	1.21893	1.22672	95895	0	9
2020.12.18	1.22671	1.22708	1.22251	1.22536	85004	0	9
2020.12.21	1.22167	1.22524	1.21293	1.22402	163728	0	9
2020.12.22	1.22402	1.22566	1.21517	1.21604	118782	0	9
2020.12.23	1.21604	1.22206	1.21534	1.21841	111751	0	9
2020.12.24	1.21841	1.22152	1.21766	1.21850	63214	0	9
2020.12.28	1.21786	1.22499	1.21638	1.22147	98102	0	9
2020.12.29	1.22159	1.22748	1.22063	1.22478	94582	0	9
2020.12.30	1.22470	1.23097	1.22461	1.22939	106403	0	9
2020.12.31	1.22953	1.23090	1.22087	1.22133	103507	0	9
2021.01.04	1.22372	1.23094	1.22272	1.22448	148744	0	9
2021.01.05	1.22480	1.23052	1.22406	1.22900	138435	0	9
2021.01.06	1.22937	1.23491	1.22653	1.23251	224117	0	9
2021.01.07	1.23249	1.23440	1.22446	1.22702	158231	0	9
2021.01.08	1.22702	1.22842	1.21925	1.22186	185748	0	9
2021.01.11	1.22151	1.22222	1.21318	1.21507	129775	0	9
2021.01.12	1.21507	1.22092	1.21367	1.22061	119892	0	9
2021.01.13	1.22061	1.22224	1.21395	1.21569	119280	0	9
2021.01.14	1.21569	1.21780	1.21106	1.21515	134762	0	9
2021.01.15	1.21515	1.21621	1.20745	1.20755	115299	0	9
2021.01.18	1.20813	1.20864	1.20531	1.20745	85404	0	9
2021.01.19	1.20745	1.21446	1.20735	1.21283	100867	0	9
2021.01.20	1.21281	1.21579	1.20762	1.21056	108614	0	9
2021.01.21	1.21054	1.21728	1.21027	1.21600	124361	0	9
2021.01.22	1.21602	1.21892	1.21511	1.21707	106311	0	9
2021.01.25	1.21695	1.21830	1.21155	1.21383	123830	0	9
2021.01.26	1.21369	1.21755	1.21073	1.21593	123391	0	9
2021.01.27	1.21593	1.21694	1.20580	1.21094	176685	0	9
2021.01.28	1.21094	1.21419	1.20801	1.21191	167312	0	9
2021.01.29	1.21175	1.21554	1.20941	1.21374	175542	0	9
2021.02.01	1.21301	1.21361	1.20556	1.20593	141365	0	9
2021.02.02	1.20593	1.20873	1.20111	1.20431	127199	0	9
2021.02.03	1.20429	1.20497	1.20035	1.20349	109068	0	9
2021.02.04	1.20351	1.20423	1.19571	1.19580	112057	0	9
2021.02.05	1.19580	1.20494	1.19517	1.20479	114113	0	9
2021.02.08	1.20366	1.20655	1.20193	1.20425	93764	0	9
2021.02.09	1.20425	1.21213	1.20420	1.21181	112759	0	9
2021.02.10	1.21178	1.21435	1.21082	1.21172	110526	0	9
2021.02.11	1.21167	1.21490	1.21131	1.21287	76150	0	9
2021.02.12	1.21285	1.21344	1.20810	1.21178	84749	0	9
2021.02.15	1.21240	1.21447	1.21161	1.21271	61677	0	9
2021.02.16	1.21265	1.21690	1.20945	1.21060	100829	0	9
2021.02.17	1.21059	1.21077	1.20228	1.20304	107871	0	9
2021.02.18	1.20304	1.20941	1.20304	1.20895	97907	0	9
2021.02.19	1.20895	1.21440	1.20818	1.21166	94100	0	9
2021.02.22	1.21132	1.21689	1.20908	1.21523	117710	0	9
2021.02.23	1.21510	1.21796	1.21349	1.21492	117657	0	9
2021.02.24	1.21492	1.21741	1.21087	1.21605	154788	0	9
2021.02.25	1.21605	1.22427	1.21555	1.21685	210301	0	9
2021.02.26	1.21698	1.21833	1.20617	1.20730	246262	0	9
2021.03.01	1.20686	1.21008	1.20271	1.20486	139128	0	9
2021.03.02	1.20486	1.20940	1.19912	1.20904	140672	0	9
2021.03.03	1.20904	1.21128	1.20424	1.20629	145104	0	9
2021.03.04	1.20626	1.20661	1.19612	1.19645	183594	0	9
2021.03.05	1.19645	1.19764	1.18926	1.19089	204023	0	9
2021.03.08	1.19166	1.19317	1.18437	1.18455	142036	0	9
2021.03.09	1.18452	1.19152	1.18353	1.19003	131013	0	1
2021.03.10	1.19003	1.19293	1.18684	1.19283	113756	0	1
2021.03.11	1.19281	1.19895	1.19155	1.19855	116456	0	1
2021.03.12	1.19862	1.19881	1.19095	1.19524	105262	0	1
2021.03.15	1.19392	1.19670	1.19107	1.19268	82742	0	1
2021.03.16	1.19268	1.19514	1.18820	1.19015	85697	0	1
2021.03.17	1.19015	1.19852	1.18858	1.19780	99170	0	1
2021.03.18	1.19781	1.19884	1.19058	1.19134	114961	0	1
2021.03.19	1.19134	1.19367	1.18734	1.19053	92163	0	1
2021.03.22	1.18748	1.19466	1.18711	1.19315	82948	0	1
2021.03.23	1.19315	1.19403	1.18417	1.18487	87041	0	1
2021.03.24	1.18487	1.18526	1.18093	1.18124	86522	0	1
2021.03.25	1.18124	1.18273	1.17615	1.17638	84620	0	1
2021.03.26	1.17637	1.18045	1.17633	1.17931	71289	0	1
2021.03.29	1.17884	1.17935	1.17603	1.17644	78238	0	1
2021.03.30	1.17640	1.17748	1.17109	1.17160	74996	0	1
2021.03.31	1.17160	1.17595	1.17037	1.17300	77546	0	1
2021.04.01	1.17301	1.17796	1.17123	1.17759	78232	0	1
2021.04.02	1.17759	1.17862	1.17487	1.17618	30694	0	1
2021.04.05	1.17577	1.18190	1.17373	1.18120	46560	0	13
2021.04.06	1.18119	1.18771	1.17949	1.18752	78331	0	13
2021.04.07	1.18752	1.19142	1.18604	1.18648	77615	0	1
2021.04.08	1.18651	1.19269	1.18603	1.19128	67454	0	1
2021.04.09	1.19125	1.19197	1.18667	1.19011	69068	0	1
2021.04.12	1.18905	1.19186	1.18707	1.19101	68723	0	1
2021.04.13	1.19100	1.19553	1.18776	1.19476	94276	0	1
2021.04.14	1.19476	1.19869	1.19469	1.19791	75990	0	1
2021.04.15	1.19795	1.19929	1.19556	1.19657	74547	0	1
2021.04.16	1.19651	1.19943	1.19501	1.19818	64340	0	1
2021.04.19	1.19719	1.20476	1.19421	1.20369	82090	0	1
2021.04.20	1.20369	1.20795	1.20219	1.20353	81066	0	1
2021.04.21	1.20353	1.20432	1.19981	1.20343	66381	0	1
2021.04.22	1.20343	1.20692	1.19932	1.20145	85175	0	1
2021.04.23	1.20146	1.20995	1.20123	1.20967	72649	0	1
2021.04.26	1.20919	1.21163	1.20606	1.20843	69240	0	1
2021.04.27	1.20840	1.20924	1.20563	1.20883	61869	0	1
2021.04.28	1.20883	1.21342	1.20557	1.21252	91512	0	1
2021.04.29	1.21248	1.21496	1.21017	1.21200	76328	0	1
2021.04.30	1.21200	1.21261	1.20162	1.20197	79996	0	1
2021.05.03	1.20298	1.20758	1.20126	1.20633	58940	0	1
2021.05.04	1.20633	1.20645	1.19986	1.20125	76692	0	1
2021.05.05	1.20126	1.20262	1.19856	1.20037	60463	0	1
2021.05.06	1.20037	1.20712	1.19926	1.20644	68920	0	1
2021.05.07	1.20648	1.21710	1.20524	1.21629	103952	0	1
2021.05.10	1.21611	1.21777	1.21274	1.21289	81386	0	1
2021.05.11	1.21289	1.21812	1.21225	1.21475	90790	0	1
2021.05.12	1.21475	1.21517	1.20651	1.20714	125230	0	1
2021.05.13	1.20711	1.21057	1.20510	1.20805	106574	0	1
2021.05.14	1.20792	1.21472	1.20704	1.21455	79132	0	1
2021.05.17	1.21443	1.21684	1.21256	1.21509	69335	0	1
2021.05.18	1.21508	1.22335	1.21495	1.22214	75073	0	1
2021.05.19	1.22214	1.22449	1.21596	1.21743	115537	0	1
2021.05.20	1.21743	1.22286	1.21685	1.22270	75298	0	1
2021.05.21	1.22270	1.22393	1.21604	1.21799	85286	0	1
2021.05.24	1.21704	1.22295	1.21704	1.22146	70756	0	0
2021.05.25	1.22146	1.22660	1.22110	1.22484	81922	0	1
2021.05.26	1.22484	1.22624	1.21814	1.21911	76995	0	1
2021.05.27	1.21911	1.22145	1.21747	1.21942	80489	0	1
2021.05.28	1.21942	1.22043	1.21322	1.21917	75819	0	1
2021.05.31	1.21994	1.22309	1.21829	1.22245	44205	0	1
2021.06.01	1.22241	1.22540	1.22116	1.22124	65046	0	1
2021.06.02	1.22124	1.22261	1.21637	1.22101	66089	0	1
2021.06.03	1.22102	1.22138	1.21179	1.21262	74367	0	1
2021.06.04	1.21262	1.21854	1.21035	1.21660	80765	0	1
2021.06.07	1.21588	1.22015	1.21446	1.21889	47786	0	1
2021.06.08	1.21889	1.21936	1.21639	1.21724	58210	0	1
2021.06.09	1.21724	1.22176	1.21707	1.21793	46914	0	1
2021.06.10	1.21793	1.21943	1.21430	1.21705	83508	0	1
2021.06.11	1.21676	1.21925	1.20922	1.21073	60281	0	1
2021.06.14	1.21047	1.21301	1.20938	1.21182	50440	0	1
2021.06.15	1.21177	1.21469	1.21009	1.21259	55063	0	1
2021.06.16	1.21259	1.21343	1.19934	1.19938	105181	0	1
2021.06.17	1.19937	1.20059	1.18913	1.19072	119375	0	1
2021.06.18	1.19069	1.19246	1.18468	1.18622	117363	0	1
2021.06.21	1.18544	1.19209	1.18472	1.19172	96001	0	1
2021.06.22	1.19172	1.19521	1.18805	1.19386	81170	0	1
2021.06.23	1.19386	1.19696	1.19110	1.19252	77899	0	1
2021.06.24	1.19252	1.19558	1.19172	1.19313	68388	0	1
2021.06.25	1.19313	1.19748	1.19259	1.19349	65888	0	1
2021.06.28	1.19319	1.19440	1.19019	1.19258	66089	0	1
2021.06.29	1.19256	1.19296	1.18773	1.18963	67789	0	1
2021.06.30	1.18963	1.19085	1.18446	1.18564	91851	0	1
2021.07.01	1.18566	1.18838	1.18370	1.18494	84412	0	1
2021.07.02	1.18498	1.18737	1.18066	1.18657	92970	0	1
2021.07.05	1.18607	1.18801	1.18510	1.18611	50042	0	1
2021.07.06	1.18611	1.18948	1.18067	1.18231	98864	0	1
2021.07.07	1.18231	1.18356	1.17812	1.17899	94014	0	1
2021.07.08	1.17899	1.18674	1.17831	1.18429	119362	0	1
2021.07.09	1.18431	1.18806	1.18246	1.18762	84107	0	1
2021.07.12	1.18741	1.18797	1.18357	1.18591	78138	0	1
2021.07.13	1.18591	1.18747	1.17717	1.17758	108871	0	1
2021.07.14	1.17758	1.18383	1.17715	1.18350	101835	0	1
2021.07.15	1.18350	1.18502	1.17959	1.18116	96859	0	1
2021.07.16	1.18119	1.18219	1.17917	1.18044	87270	0	1
2021.07.19	1.18065	1.18241	1.17633	1.17992	118810	0	1
2021.07.20	1.17988	1.18020	1.17551	1.17792	106778	0	1
2021.07.21	1.17790	1.18043	1.17515	1.17926	82293	0	1
2021.07.22	1.17921	1.18300	1.17569	1.17703	114425	0	1
2021.07.23	1.17703	1.17860	1.17541	1.17711	74883	0	1
2021.07.26	1.17678	1.18169	1.17629	1.18025	82040	0	1
2021.07.27	1.18027	1.18406	1.17697	1.18167	87296	0	1
2021.07.28	1.18167	1.18491	1.17720	1.18432	119145	0	1
2021.07.29	1.18429	1.18924	1.18389	1.18865	79065	0	1
2021.07.30	1.18871	1.19082	1.18512	1.18680	86654	0	1
2021.08.02	1.18659	1.18965	1.18584	1.18673	76383	0	1
2021.08.03	1.18675	1.18929	1.18531	1.18633	71436	0	1
2021.08.04	1.18633	1.18993	1.18322	1.18358	77503	0	1
2021.08.05	1.18358	1.18568	1.18276	1.18335	74714	0	1
2021.08.06	1.18326	1.18350	1.17540	1.17601	84465	0	1
2021.08.09	1.17589	1.17685	1.17345	1.17359	68842	0	1
2021.08.10	1.17359	1.17423	1.17094	1.17197	63661	0	1
2021.08.11	1.17197	1.17533	1.17056	1.17382	83439	0	1
2021.08.12	1.17379	1.17478	1.17232	1.17293	59047	0	1
2021.08.13	1.17293	1.18042	1.17288	1.17947	59174	0	1
2021.08.16	1.17958	1.18003	1.17669	1.17771	56635	0	1
2021.08.17	1.17775	1.17843	1.17073	1.17091	80933	0	1
2021.08.18	1.17091	1.17424	1.16932	1.17093	85266	0	1
2021.08.19	1.17094	1.17161	1.16652	1.16748	98936	0	1
2021.08.20	1.16748	1.17040	1.16635	1.16995	73500	0	1
2021.08.23	1.16955	1.17499	1.16889	1.17449	63308	0	1
2021.08.24	1.17449	1.17649	1.17267	1.17528	56459	0	1
2021.08.25	1.17542	1.17741	1.17256	1.17711	65673	0	1
2021.08.26	1.17711	1.17785	1.17455	1.17513	67504	0	1
2021.08.27	1.17513	1.18019	1.17345	1.17956	95086	0	1
2021.08.30	1.17946	1.18094	1.17822	1.17961	57757	0	1
2021.08.31	1.17960	1.18446	1.17945	1.18086	96470	0	1
2021.09.01	1.18086	1.18567	1.17931	1.18390	85361	0	1
2021.09.02	1.18390	1.18756	1.18340	1.18741	67679	0	1
2021.09.03	1.18741	1.19040	1.18653	1.18783	76923	0	1
2021.09.06	1.18774	1.18858	1.18553	1.18694	42067	0	1
2021.09.07	1.18693	1.18850	1.18369	1.18386	89541	0	1
2021.09.08	1.18384	1.18508	1.18016	1.18155	89455	0	1
2021.09.09	1.18157	1.18410	1.18047	1.18241	95963	0	1
2021.09.10	1.18241	1.18506	1.18089	1.18098	78766	0	1
2021.09.13	1.18114	1.18166	1.17697	1.18104	79942	0	1
2021.09.14	1.18104	1.18453	1.17996	1.18023	94761	0	1
2021.09.15	1.18023	1.18314	1.17987	1.18163	84652	0	1
2021.09.16	1.18163	1.18201	1.17499	1.17632	86047	0	1
2021.09.17	1.17634	1.17884	1.17241	1.17249	85466	0	1
2021.09.20	1.17284	1.17359	1.16997	1.17250	81039	0	1
2021.09.21	1.17250	1.17481	1.17143	1.17240	83590	0	1
2021.09.22	1.17240	1.17553	1.16841	1.16872	75804	0	1
2021.09.23	1.16872	1.17496	1.16829	1.17381	62977	0	1
2021.09.24	1.17381	1.17471	1.17001	1.17199	44508	0	1
2021.09.27	1.17237	1.17254	1.16844	1.16953	60247	0	1
2021.09.28	1.16954	1.17028	1.16678	1.16825	74000	0	1
2021.09.29	1.16825	1.16895	1.15890	1.15970	70759	0	1
2021.09.30	1.15969	1.16094	1.15622	1.15805	66545	0	1
2021.10.01	1.15810	1.16069	1.15625	1.15923	61909	0	1
2021.10.04	1.15924	1.16398	1.15873	1.16196	47220	0	1
2021.10.05	1.16192	1.16214	1.15801	1.15972	47491	0	1
2021.10.06	1.15973	1.16054	1.15289	1.15556	59331	0	1
2021.10.07	1.15557	1.15716	1.15472	1.15508	42275	0	1
2021.10.08	1.15508	1.15856	1.15410	1.15672	49403	0	1
2021.10.11	1.15626	1.15863	1.15487	1.15505	36927	0	1
2021.10.12	1.15505	1.15698	1.15240	1.15299	42775	0	1
2021.10.13	1.15299	1.15969	1.15273	1.15917	51218	0	1
2021.10.14	1.15918	1.16240	1.15836	1.15961	38290	0	1
2021.10.15	1.15957	1.16184	1.15877	1.16008	42764	0	1
2021.10.18	1.15876	1.16219	1.15713	1.16095	44497	0	1
2021.10.19	1.16096	1.16690	1.16080	1.16326	43642	0	1
2021.10.20	1.16323	1.16583	1.16164	1.16495	44095	0	1
2021.10.21	1.16477	1.16670	1.16193	1.16225	45229	0	1
2021.10.22	1.16223	1.16552	1.16208	1.16422	50378	0	1
2021.10.25	1.16426	1.16648	1.15903	1.16062	43920	0	1
2021.10.26	1.16058	1.16254	1.15846	1.15951	40625	0	1
2021.10.27	1.15951	1.16256	1.15844	1.16024	53968	0	1
2021.10.28	1.16027	1.16917	1.15820	1.16800	69476	0	1
2021.10.29	1.16804	1.16896	1.15347	1.15585	61260	0	1
2021.11.01	1.15569	1.16086	1.15457	1.16053	45371	0	1
2021.11.02	1.16052	1.16131	1.15749	1.15786	49366	0	1
2021.11.03	1.15786	1.16159	1.15620	1.16111	62589	0	1
2021.11.04	1.16111	1.16160	1.15279	1.15532	54612	0	1
2021.11.05	1.15523	1.15728	1.15129	1.15673	62450	0	1
2021.11.08	1.15590	1.15945	1.15500	1.15865	43725	0	1
2021.11.09	1.15865	1.16085	1.15695	1.15925	52008	0	1
2021.11.10	1.15921	1.15948	1.14755	1.14783	72289	0	1
2021.11.11	1.14783	1.14872	1.14427	1.14496	45635	0	1
2021.11.12	1.14497	1.14617	1.14325	1.14465	47707	0	1
2021.11.15	1.14466	1.14635	1.13559	1.13672	50870	0	1
2021.11.16	1.13672	1.13853	1.13089	1.13197	60097	0	1
2021.11.17	1.13197	1.13318	1.12631	1.13188	62900	0	1
2021.11.18	1.13188	1.13737	1.13133	1.13686	52296	0	1
2021.11.19	1.13686	1.13723	1.12497	1.12892	72956	0	1
2021.11.22	1.12904	1.12919	1.12304	1.12358	73341	0	1
2021.11.23	1.12358	1.12746	1.12256	1.12480	71197	0	1
2021.11.24	1.12479	1.12548	1.11857	1.11974	74039	0	1
2021.11.25	1.11976	1.12292	1.11957	1.12066	34111	0	1
2021.11.26	1.12065	1.13315	1.12045	1.13173	93868	0	1
2021.11.29	1.12996	1.13119	1.12580	1.12906	61794	0	1
2021.11.30	1.12910	1.13825	1.12359	1.13359	90047	0	1
2021.12.01	1.13360	1.13591	1.13022	1.13187	76168	0	1
2021.12.02	1.13187	1.13473	1.12950	1.13006	59686	0	1
2021.12.03	1.13006	1.13329	1.12662	1.13149	74308	0	1
2021.12.06	1.13015	1.13125	1.12662	1.12847	46223	0	1
2021.12.07	1.12846	1.12980	1.12271	1.12640	51413	0	1
2021.12.08	1.12642	1.13543	1.12634	1.13419	61049	0	1
2021.12.09	1.13418	1.13471	1.12780	1.12927	44296	0	1
2021.12.10	1.12925	1.13236	1.12648	1.13127	49565	0	1
2021.12.13	1.13118	1.13189	1.12597	1.12836	38886	0	1
2021.12.14	1.12836	1.13233	1.12532	1.12582	46887	0	1
2021.12.15	1.12583	1.12987	1.12215	1.12842	62996	0	1
2021.12.16	1.12804	1.13599	1.12800	1.13296	62841	0	1
2021.12.17	1.13295	1.13485	1.12345	1.12385	49485	0	1
2021.12.20	1.12404	1.13035	1.12342	1.12790	52717	0	1
2021.12.21	1.12841	1.13022	1.12605	1.12801	46801	0	1
2021.12.22	1.12801	1.13420	1.12627	1.13259	44722	0	1
2021.12.23	1.13258	1.13418	1.12897	1.13283	40413	0	1
2021.12.24	1.13289	1.13430	1.12986	1.13171	50298	0	1
2021.12.27	1.13023	1.13342	1.13023	1.13269	28758	0	1
2021.12.28	1.13270	1.13330	1.12891	1.13094	30368	0	1
2021.12.29	1.13090	1.13686	1.12732	1.13507	41942	0	1
2021.12.30	1.13508	1.13594	1.12982	1.13204	37084	0	1
2021.12.31	1.13204	1.13859	1.13028	1.13684	39141	0	1
2022.01.03	1.13734	1.13785	1.12793	1.12958	46210	0	1
2022.01.04	1.12962	1.13220	1.12719	1.12861	54817	0	1
2022.01.05	1.12861	1.13460	1.12766	1.13123	57229	0	1
2022.01.06	1.13123	1.13314	1.12842	1.12919	60498	0	1
2022.01.07	1.12919	1.13644	1.12896	1.13592	55615	0	1
2022.01.10	1.13525	1.13608	1.12846	1.13237	54939	0	1
2022.01.11	1.13234	1.13750	1.13125	1.13647	53019	0	1
2022.01.12	1.13652	1.14523	1.13542	1.14416	57658	0	1
2022.01.13	1.14413	1.14813	1.14354	1.14543	56721	0	1
2022.01.14	1.14543	1.14823	1.13981	1.14099	63985	0	1
2022.01.17	1.14125	1.14340	1.13914	1.14085	39071	0	1
2022.01.18	1.14088	1.14210	1.13143	1.13205	72952	0	1
2022.01.19	1.13225	1.13567	1.13184	1.13417	58853	0	1
2022.01.20	1.13417	1.13685	1.13027	1.13110	60231	0	1
2022.01.21	1.13111	1.13594	1.13005	1.13417	59239	0	1
2022.01.24	1.13430	1.13445	1.12900	1.13247	66164	0	1
2022.01.25	1.13245	1.13287	1.12628	1.13010	55761	0	1
2022.01.26	1.13012	1.13103	1.12350	1.12384	71507	0	1
2022.01.27	1.12382	1.12429	1.11313	1.11450	75604	0	1
2022.01.28	1.11462	1.11732	1.11209	1.11475	68738	0	1
2022.01.31	1.11425	1.12473	1.11379	1.12340	68623	0	1
2022.02.01	1.12343	1.12783	1.12206	1.12699	64284	0	1
2022.02.02	1.12699	1.13296	1.12661	1.13027	53613	0	1
2022.02.03	1.13028	1.14510	1.12669	1.14390	88937	0	1
2022.02.04	1.14381	1.14833	1.14113	1.14482	81317	0	1
2022.02.07	1.14647	1.14647	1.14148	1.14414	65720	0	1
2022.02.08	1.14414	1.14483	1.13958	1.14146	57377	0	1
2022.02.09	1.14146	1.14474	1.14021	1.14239	49611	0	1
2022.02.10	1.14241	1.14943	1.13744	1.14276	86903	0	1
2022.02.11	1.14276	1.14296	1.13294	1.13481	96439	0	1
2022.02.14	1.13376	1.13687	1.12796	1.13057	87892	0	1
2022.02.15	1.13060	1.13678	1.12977	1.13581	67602	0	1
2022.02.16	1.13581	1.13953	1.13445	1.13719	61789	0	1
2022.02.17	1.13719	1.13856	1.13226	1.13591	82861	0	1
2022.02.18	1.13591	1.13766	1.13142	1.13219	62016	0	1
2022.02.21	1.13185	1.13901	1.13063	1.13132	52835	0	1
2022.02.22	1.13133	1.13664	1.12875	1.13237	85947	0	1
2022.02.23	1.13243	1.13585	1.13008	1.13071	52849	0	1
2022.02.24	1.13071	1.13097	1.11061	1.11902	164515	0	1
2022.02.25	1.11899	1.12736	1.11655	1.12670	104975	0	1
2022.02.28	1.11251	1.12460	1.11244	1.12177	131483	0	1
2022.03.01	1.12178	1.12327	1.10893	1.11248	104867	0	1
2022.03.02	1.11251	1.11431	1.10571	1.11177	121527	0	1
2022.03.03	1.11174	1.11214	1.10332	1.10658	85347	0	1
2022.03.04	1.10663	1.10672	1.08850	1.09263	121954	0	1
2022.03.07	1.09223	1.09318	1.08055	1.08533	170044	0	1
2022.03.08	1.08535	1.09578	1.08480	1.09025	161407	0	1
2022.03.09	1.09025	1.10948	1.08896	1.10749	113604	0	1
2022.03.10	1.10749	1.11208	1.09758	1.09812	130920	0	1
2022.03.11	1.09807	1.10432	1.09015	1.09105	114769	0	1
2022.03.14	1.09168	1.09934	1.09001	1.09398	94804	0	1
2022.03.15	1.09396	1.10193	1.09256	1.09547	106839	0	1
2022.03.16	1.09533	1.10463	1.09478	1.10344	129114	0	1
2022.03.17	1.10344	1.11370	1.10077	1.10911	84815	0	1
2022.03.18	1.10911	1.11181	1.10026	1.10498	81450	0	1
2022.03.21	1.10567	1.10697	1.10098	1.10151	72561	0	1
2022.03.22	1.10158	1.10453	1.09604	1.10266	85873	0	1
2022.03.23	1.10254	1.10435	1.09636	1.10035	68138	0	1
2022.03.24	1.10035	1.10134	1.09656	1.09964	76596	0	1
2022.03.25	1.09962	1.10373	1.09805	1.09828	78884	0	1
2022.03.28	1.09849	1.09991	1.09444	1.09870	86866	0	1
2022.03.29	1.09870	1.11368	1.09693	1.10856	115571	0	1
2022.03.30	1.10857	1.11705	1.10779	1.11572	97642	0	1
2022.03.31	1.11572	1.11843	1.10605	1.10662	93976	0	1
2022.04.01	1.10662	1.10757	1.10275	1.10343	74290	0	1
2022.04.04	1.10312	1.10540	1.09601	1.09707	57002	0	1
2022.04.05	1.09712	1.09882	1.08996	1.09043	62913	0	1
2022.04.06	1.09043	1.09375	1.08740	1.08916	81249	0	1
2022.04.07	1.08914	1.09381	1.08645	1.08775	74414	0	1
2022.04.08	1.08775	1.08913	1.08360	1.08759	62581	0	1
2022.04.11	1.09197	1.09328	1.08723	1.08830	68192	0	1
2022.04.12	1.08829	1.09028	1.08208	1.08272	83336	0	1
2022.04.13	1.08276	1.08938	1.08085	1.08807	73161	0	1
2022.04.14	1.08798	1.09229	1.07570	1.08273	93775	0	1
2022.04.15	1.08273	1.08298	1.07960	1.08064	32418	0	1
2022.04.18	1.08036	1.08212	1.07694	1.07816	45714	0	1
2022.04.19	1.07821	1.08141	1.07607	1.07867	68508	0	1
2022.04.20	1.07866	1.08666	1.07836	1.08505	83066	0	1
2022.04.21	1.08505	1.09359	1.08231	1.08393	89882	0	1
2022.04.22	1.08414	1.08511	1.07694	1.07694	89343	0	1
2022.04.25	1.08085	1.08140	1.06963	1.07119	113154	0	1
2022.04.26	1.07119	1.07382	1.06353	1.06365	88611	0	1
2022.04.27	1.06371	1.06543	1.05141	1.05543	103563	0	1
2022.04.28	1.05541	1.05642	1.04709	1.04978	125023	0	1
2022.04.29	1.04973	1.05924	1.04906	1.05378	103940	0	1
2022.05.02	1.05513	1.05681	1.04899	1.04999	77564	0	1
2022.05.03	1.05037	1.05773	1.04918	1.05193	44358	0	1
2022.05.04	1.05193	1.06304	1.05056	1.06196	106560	0	10
2022.05.05	1.06199	1.06414	1.04922	1.05395	128448	0	10
2022.05.06	1.05397	1.05984	1.04823	1.05400	150898	0	10
2022.05.09	1.05383	1.05921	1.04947	1.05589	115500	0	10
2022.05.10	1.05589	1.05849	1.05249	1.05255	120944	0	10
2022.05.11	1.05255	1.05767	1.05015	1.05119	135489	0	10
2022.05.12	1.05118	1.05289	1.03536	1.03785	141227	0	10
2022.05.13	1.03785	1.04192	1.03492	1.04118	95589	0	10
2022.05.16	1.04086	1.04426	1.03886	1.04344	73787	0	10
2022.05.17	1.04347	1.05551	1.04281	1.05464	94816	0	10
2022.05.18	1.05467	1.05632	1.04597	1.04678	79482	0	10
2022.05.19	1.04678	1.06066	1.04599	1.05846	118489	0	10
2022.05.20	1.05845	1.05984	1.05324	1.05603	88870	0	10
2022.05.23	1.05589	1.06969	1.05531	1.06883	88064	0	10
2022.05.24	1.06883	1.07481	1.06604	1.07343	93420	0	10
2022.05.25	1.07343	1.07385	1.06417	1.06807	99116	0	10
2022.05.26	1.06812	1.07310	1.06620	1.07208	79473	0	10
2022.05.27	1.07035	1.07646	1.06965	1.07335	79120	0	10
2022.05.30	1.07341	1.07863	1.07253	1.07757	54409	0	10
2022.05.31	1.07757	1.07785	1.06785	1.07324	104347	0	10
2022.06.01	1.07331	1.07387	1.06267	1.06452	81533	0	10
2022.06.02	1.06447	1.07496	1.06420	1.07445	69554	0	10
2022.06.03	1.07445	1.07638	1.07036	1.07198	68153	0	10
2022.06.06	1.07241	1.07514	1.06835	1.06954	61819	0	10
2022.06.07	1.06955	1.07137	1.06516	1.06996	78541	0	10
2022.06.08	1.06994	1.07480	1.06709	1.07157	77017	0	10
2022.06.09	1.07157	1.07735	1.06106	1.06159	110120	0	10
2022.06.10	1.06156	1.06417	1.05052	1.05195	111530	0	10
2022.06.13	1.05151	1.05195	1.03994	1.04066	139693	0	10
2022.06.14	1.04070	1.04843	1.03965	1.04150	139103	0	10
2022.06.15	1.04150	1.05073	1.03585	1.04402	193226	0	10
2022.06.16	1.04402	1.06009	1.03804	1.05465	179253	0	10
2022.06.17	1.05470	1.05599	1.04439	1.04931	148146	0	10
2022.06.20	1.04742	1.05453	1.04741	1.05081	82452	0	10
2022.06.21	1.05081	1.05821	1.05060	1.05237	88432	0	10
2022.06.22	1.05223	1.06051	1.04685	1.05653	111667	0	10
2022.06.23	1.05650	1.05806	1.04823	1.05175	130511	0	10
2022.06.24	1.05169	1.05707	1.05116	1.05415	91712	0	8
2022.06.27	1.05454	1.06144	1.05454	1.05817	99928	0	7
2022.06.28	1.05817	1.06058	1.05030	1.05175	111526	0	8
2022.06.29	1.05175	1.05350	1.04348	1.04386	121803	0	2
2022.06.30	1.04386	1.04885	1.03822	1.04832	122165	0	0
2022.07.01	1.04832	1.04848	1.03653	1.04142	128341	0	10
2022.07.04	1.04134	1.04623	1.04134	1.04146	72226	0	10
2022.07.05	1.04146	1.04483	1.02347	1.02661	147203	0	10
2022.07.06	1.02661	1.02760	1.01613	1.01808	176152	0	10
2022.07.07	1.01805	1.02206	1.01437	1.01551	139464	0	10
2022.07.08	1.01551	1.01908	1.00715	1.01829	157505	0	2
2022.07.11	1.01774	1.01832	1.00332	1.00391	141613	0	8
2022.07.12	1.00391	1.00734	0.99996	1.00342	163769	0	7
2022.07.13	1.00342	1.01217	0.99976	1.00575	187161	0	6
2022.07.14	1.00575	1.00586	0.99519	1.00140	191311	0	0
2022.07.15	1.00129	1.00974	1.00065	1.00670	150361	0	7
2022.07.18	1.00814	1.02008	1.00783	1.01415	136730	0	7
2022.07.19	1.01415	1.02687	1.01192	1.02231	158431	0	5
2022.07.20	1.02231	1.02726	1.01550	1.01751	146415	0	6
2022.07.21	1.01743	1.02776	1.01531	1.02282	183663	0	0
2022.07.22	1.02282	1.02549	1.01293	1.02081	172572	0	5
2022.07.25	1.02083	1.02575	1.01785	1.02190	146902	0	6
2022.07.26	1.02187	1.02498	1.01071	1.01152	128514	0	7
2022.07.27	1.01146	1.02202	1.00962	1.02009	148043	0	5
2022.07.28	1.02009	1.02340	1.01136	1.01966	176177	0	8
2022.07.29	1.01966	1.02539	1.01456	1.02094	160341	0	5
2022.08.01	1.02044	1.02749	1.02044	1.02598	146186	0	6
2022.08.02	1.02594	1.02935	1.01630	1.01651	183385	0	0
2022.08.03	1.01651	1.02094	1.01223	1.01628	164034	0	4
2022.08.04	1.01628	1.02533	1.01537	1.02452	146175	0	2
2022.08.05	1.02450	1.02516	1.01411	1.01778	143663	0	4
2022.08.08	1.01733	1.02214	1.01587	1.01940	60371	0	7
2022.08.09	1.01940	1.02469	1.01881	1.02121	45683	0	8
2022.08.10	1.02121	1.03680	1.02017	1.02987	60784	0	0
2022.08.11	1.02988	1.03640	1.02751	1.03180	63724	0	6
2022.08.12	1.03180	1.03268	1.02378	1.02585	55964	0	5
2022.08.15	1.02544	1.02678	1.01542	1.01595	52211	0	8
2022.08.16	1.01595	1.01944	1.01221	1.01705	54952	0	1
2022.08.17	1.01646	1.02024	1.01450	1.01789	60986	0	3
2022.08.18	1.01770	1.01926	1.00795	1.00827	58211	0	6
2022.08.19	1.00884	1.00950	1.00316	1.00348	51646	0	6
2022.08.22	1.00344	1.00462	0.99257	0.99429	56966	0	1
2022.08.23	0.99428	1.00174	0.99002	0.99688	61236	0	4
2022.08.24	0.99687	0.99983	0.99097	0.99638	57151	0	6
2022.08.25	0.99618	1.00330	0.99486	0.99733	58370	0	6
2022.08.26	0.99738	1.00885	0.99461	0.99633	61358	0	6
2022.08.29	0.99650	1.00287	0.99137	0.99927	63720	0	0
2022.08.30	0.99922	1.00544	0.99817	1.00131	69483	0	0
2022.08.31	1.00127	1.00787	0.99709	1.00512	68703	0	0
2022.09.01	1.00504	1.00553	0.99107	0.99439	70242	0	3
2022.09.02	0.99439	1.00331	0.99425	0.99507	63539	0	0
2022.09.05	0.99200	0.99434	0.98777	0.99220	53095	0	2
2022.09.06	0.99220	0.99858	0.98645	0.99031	74604	0	6
2022.09.07	0.99031	1.00104	0.98754	0.99933	67776	0	3
2022.09.08	0.99923	1.00286	0.99303	0.99939	73210	0	0
2022.09.09	0.99944	1.01129	0.99925	1.00366	68967	0	2
2022.09.12	1.01035	1.01974	1.00594	1.01215	66291	0	0
2022.09.13	1.01218	1.01867	0.99661	0.99704	64991	0	0
2022.09.14	0.99675	1.00231	0.99551	0.99797	71545	0	0
2022.09.15	0.99799	1.00173	0.99554	0.99947	57614	0	3
2022.09.16	0.99947	1.00361	0.99448	1.00145	63488	0	5
2022.09.19	1.00054	1.00287	0.99656	1.00208	50108	0	8
2022.09.20	1.00205	1.00502	0.99548	0.99697	63076	0	3
2022.09.21	0.99673	0.99757	0.98226	0.98361	74895	0	0
2022.09.22	0.98361	0.99071	0.98078	0.98322	85858	0	0
2022.09.23	0.98330	0.98513	0.96677	0.96859	78526	0	0
2022.09.26	0.96682	0.97094	0.95501	0.96088	108538	0	0
2022.09.27	0.96088	0.96699	0.95688	0.95927	84260	0	9
2022.09.28	0.95927	0.97505	0.95356	0.97318	104768	0	3
2022.09.29	0.97313	0.98156	0.96353	0.98149	94060	0	0
2022.09.30	0.98149	0.98534	0.97344	0.97950	95142	0	0
2022.10.03	0.97746	0.98441	0.97524	0.98241	84167	0	0
2022.10.04	0.98236	0.99992	0.98057	0.99850	85191	0	7
2022.10.05	0.99849	0.99946	0.98343	0.98685	77936	0	0
2022.10.06	0.98689	0.99259	0.97878	0.97905	87739	0	0
2022.10.07	0.97885	0.98164	0.97258	0.97385	77216	0	1
2022.10.10	0.97278	0.97528	0.96812	0.96974	70111	0	0
2022.10.11	0.96984	0.97742	0.96704	0.97049	84062	0	0
2022.10.12	0.97039	0.97341	0.96675	0.97019	81131	0	2
2022.10.13	0.97010	0.98055	0.96314	0.97705	85659	0	0
2022.10.14	0.97707	0.98082	0.97074	0.97204	86924	0	0
2022.10.17	0.97208	0.98517	0.97192	0.98371	74004	0	0
2022.10.18	0.98322	0.98753	0.98123	0.98480	76858	0	0
2022.10.19	0.98481	0.98720	0.97570	0.97721	73753	0	4
2022.10.20	0.97719	0.98450	0.97543	0.97855	85187	0	0
2022.10.21	0.97824	0.98686	0.97046	0.98618	97722	0	0
2022.10.24	0.98725	0.98988	0.98064	0.98735	96752	0	0
2022.10.25	0.98734	0.99763	0.98485	0.99634	75291	0	5
2022.10.26	0.99627	1.00881	0.99431	1.00784	81482	0	3
2022.10.27	1.00774	1.00932	0.99573	0.99640	85801	0	0
2022.10.28	0.99637	0.99976	0.99262	0.99643	77074	0	0
2022.10.31	0.99487	0.99654	0.98726	0.98770	60998	0	6
2022.11.01	0.98723	0.99531	0.98525	0.98764	69396	0	9
2022.11.02	0.98764	0.99754	0.98125	0.98169	71604	0	0
2022.11.03	0.98159	0.98391	0.97297	0.97464	70944	0	2
2022.11.04	0.97465	0.99661	0.97423	0.99460	81461	0	0
2022.11.07	0.99059	1.00336	0.99002	1.00195	73081	0	0
2022.11.08	1.00197	1.00959	0.99719	1.00729	63431	0	0
2022.11.09	1.00732	1.00878	0.99924	1.00107	77769	0	0
2022.11.10	1.00013	1.02214	0.99351	1.02081	85045	0	0
2022.11.11	1.02055	1.03637	1.01628	1.03500	91100	0	0
2022.11.14	1.03327	1.03581	1.02711	1.03260	82927	0	2
2022.11.15	1.03257	1.04801	1.02797	1.03481	96547	0	0
2022.11.16	1.03483	1.04380	1.03306	1.03938	86528	0	0
2022.11.17	1.03941	1.04061	1.03049	1.03639	74934	0	0
2022.11.18	1.03640	1.03953	1.03131	1.03251	63398	0	2
2022.11.21	1.03212	1.03326	1.02223	1.02402	64621	0	0
2022.11.22	1.02403	1.03077	1.02392	1.03025	55496	0	6
2022.11.23	1.03026	1.04046	1.02961	1.03957	61774	0	6
2022.11.24	1.03954	1.04481	1.03815	1.04093	48662	0	0
2022.11.25	1.04035	1.04288	1.03543	1.03967	63350	0	0
2022.11.28	1.03709	1.04962	1.03299	1.03395	76501	0	0
2022.11.29	1.03391	1.03939	1.03196	1.03281	74913	0	4
2022.11.30	1.03263	1.04283	1.02898	1.04052	82502	0	0
2022.12.01	1.04040	1.05334	1.03930	1.05131	92840	0	0
2022.12.02	1.05147	1.05446	1.04372	1.05405	84375	0	0
2022.12.05	1.05299	1.05943	1.04798	1.04850	77620	0	4
2022.12.06	1.04885	1.05324	1.04590	1.04651	75495	0	9
2022.12.07	1.04606	1.05491	1.04429	1.05081	73385	0	0
2022.12.08	1.05083	1.05643	1.04893	1.05563	70900	0	7
2022.12.09	1.05569	1.05878	1.05100	1.05313	67889	0	0
2022.12.12	1.05271	1.05795	1.05057	1.05325	58895	0	0
2022.12.13	1.05284	1.06729	1.05276	1.06316	73622	0	0
2022.12.14	1.06315	1.06946	1.06186	1.06817	80029	0	0
2022.12.15	1.06816	1.07355	1.05920	1.06265	79150	0	0
2022.12.16	1.06247	1.06624	1.05844	1.05851	70844	0	0
2022.12.19	1.05891	1.06575	1.05755	1.06063	64897	0	0
2022.12.20	1.06055	1.06580	1.05785	1.06240	86532	0	0
2022.12.21	1.06235	1.06440	1.05900	1.06033	65039	0	4
2022.12.22	1.06038	1.06589	1.05729	1.05941	70667	0	8
2022.12.23	1.05959	1.06324	1.05862	1.06136	61606	0	4
2022.12.27	1.06349	1.06689	1.06111	1.06384	50035	0	8
2022.12.28	1.06387	1.06740	1.06062	1.06114	61328	0	8
2022.12.29	1.06115	1.06898	1.06074	1.06604	50987	0	8
2022.12.30	1.06600	1.07127	1.06382	1.07076	59586	0	7
2023.01.03	1.06659	1.06830	1.05192	1.05467	75767	0	1
2023.01.04	1.05463	1.06350	1.05403	1.06027	73428	0	4
2023.01.05	1.06029	1.06310	1.05146	1.05209	70438	0	0
2023.01.06	1.05217	1.06475	1.04829	1.06432	69942	0	0
2023.01.09	1.06407	1.07601	1.06380	1.07284	70453	0	7
2023.01.10	1.07272	1.07589	1.07117	1.07324	69796	0	8
2023.01.11	1.07321	1.07759	1.07251	1.07562	57852	0	4
2023.01.12	1.07563	1.08664	1.07277	1.08525	79670	0	0
2023.01.13	1.08409	1.08675	1.07800	1.08301	71793	0	6
2023.01.16	1.08334	1.08735	1.08011	1.08225	48112	0	13
2023.01.17	1.08228	1.08687	1.07742	1.07872	71479	0	13
2023.01.18	1.07905	1.08870	1.07656	1.07930	83980	0	2
2023.01.19	1.07930	1.08394	1.07819	1.08323	72333	0	7
2023.01.20	1.08317	1.08584	1.08018	1.08555	85269	0	7
2023.01.23	1.08674	1.09264	1.08459	1.08703	75027	0	3
2023.01.24	1.08706	1.08975	1.08347	1.08845	49415	0	6
2023.01.25	1.08845	1.09232	1.08569	1.09145	54705	0	6
2023.01.26	1.09143	1.09290	1.08502	1.08905	64267	0	4
2023.01.27	1.08911	1.08999	1.08374	1.08684	52410	0	7
2023.01.30	1.08633	1.09132	1.08388	1.08484	59389	0	10
2023.01.31	1.08478	1.08744	1.08016	1.08615	60268	0	10
2023.02.01	1.08619	1.10000	1.08519	1.09879	65694	0	10
2023.02.02	1.09881	1.10325	1.08852	1.09083	73616	0	10
2023.02.03	1.09083	1.09396	1.07919	1.07945	71939	0	10
2023.02.06	1.07832	1.07985	1.07092	1.07242	58169	0	10
2023.02.07	1.07259	1.07662	1.06687	1.07230	71833	0	10
2023.02.08	1.07231	1.07602	1.07090	1.07096	60459	0	10
2023.02.09	1.07092	1.07904	1.07083	1.07357	56016	0	10
2023.02.10	1.07357	1.07524	1.06659	1.06769	59928	0	10
2023.02.13	1.06825	1.07295	1.06551	1.07190	58241	0	10
2023.02.14	1.07191	1.08031	1.07064	1.07355	71222	0	10
2023.02.15	1.07353	1.07440	1.06600	1.06879	66111	0	10
2023.02.16	1.06885	1.07219	1.06541	1.06715	67417	0	10
2023.02.17	1.06717	1.06979	1.06125	1.06939	65895	0	10
2023.02.20	1.06865	1.07041	1.06699	1.06840	39362	0	10
2023.02.21	1.06840	1.06977	1.06370	1.06449	67784	0	10
2023.02.22	1.06430	1.06636	1.05987	1.06028	67201	0	10
2023.02.23	1.06017	1.06273	1.05767	1.05959	56028	0	10
2023.02.24	1.05958	1.06139	1.05357	1.05457	59848	0	10
2023.02.27	1.05443	1.06192	1.05326	1.06080	48156	0	10
2023.02.28	1.06073	1.06447	1.05728	1.05741	50110	0	10
2023.03.01	1.05738	1.06910	1.05649	1.06656	61174	0	10
2023.03.02	1.06655	1.06724	1.05760	1.05955	57776	0	10
2023.03.03	1.05955	1.06382	1.05879	1.06348	47199	0	10
2023.03.06	1.06268	1.06940	1.06218	1.06781	44426	0	10
2023.03.07	1.06781	1.06939	1.05456	1.05476	58408	0	10
2023.03.08	1.05477	1.05734	1.05241	1.05427	49116	0	10
2023.03.09	1.05425	1.05907	1.05364	1.05785	46461	0	10
2023.03.10	1.05767	1.07002	1.05736	1.06422	78109	0	10
2023.03.13	1.06836	1.07481	1.06499	1.07303	103289	0	10
2023.03.14	1.07310	1.07491	1.06785	1.07322	79747	0	10
2023.03.15	1.07321	1.07594	1.05156	1.05763	86244	0	10
2023.03.16	1.05763	1.06351	1.05505	1.06067	81609	0	10
2023.03.17	1.06067	1.06848	1.06053	1.06664	61836	0	10
2023.03.20	1.06878	1.07304	1.06309	1.07224	65934	0	10
2023.03.21	1.07226	1.07879	1.07035	1.07690	47569	0	10
2023.03.22	1.07691	1.09118	1.07586	1.08549	53670	0	10
2023.03.23	1.08549	1.09292	1.08241	1.08265	59985	0	10
2023.03.24	1.08270	1.08375	1.07130	1.07581	67030	0	10
2023.03.27	1.07744	1.07995	1.07446	1.07965	60657	0	10
2023.03.28	1.07954	1.08482	1.07933	1.08438	56407	0	10
2023.03.29	1.08441	1.08707	1.08175	1.08431	51428	0	10
2023.03.30	1.08430	1.09258	1.08234	1.09039	51161	0	10
2023.03.31	1.09039	1.09252	1.08357	1.08357	52112	0	10
2023.04.03	1.08383	1.09161	1.07877	1.08914	66747	0	10
2023.04.04	1.08927	1.09728	1.08823	1.09495	55297	0	10
2023.04.05	1.09484	1.09691	1.08906	1.09005	54084	0	10
2023.04.06	1.09005	1.09372	1.08842	1.09187	55292	0	9
2023.04.07	1.09186	1.09236	1.08762	1.08963	23099	0	10
2023.04.10	1.08937	1.09169	1.08309	1.08576	36409	0	10
2023.04.11	1.08574	1.09276	1.08531	1.09099	52637	0	10
2023.04.12	1.09096	1.09998	1.09080	1.09899	42303	0	10
2023.04.13	1.09899	1.10672	1.09765	1.10450	40718	0	10
2023.04.14	1.10450	1.10754	1.09720	1.09854	43776	0	10
2023.04.17	1.09873	1.09993	1.09087	1.09217	41487	0	10
2023.04.18	1.09210	1.09825	1.09192	1.09703	39022	0	10
2023.04.19	1.09700	1.09836	1.09168	1.09526	40771	0	10
2023.04.20	1.09526	1.09892	1.09331	1.09666	41125	0	10
2023.04.21	1.09666	1.09933	1.09377	1.09878	40768	0	10
2023.04.24	1.09898	1.10497	1.09655	1.10442	37898	0	10
2023.04.25	1.10439	1.10666	1.09637	1.09705	44073	0	10
2023.04.26	1.09705	1.10946	1.09653	1.10386	52025	0	10
2023.04.27	1.10384	1.10630	1.09917	1.10265	47274	0	10
2023.04.28	1.10208	1.10445	1.09621	1.10124	56148	0	10
2023.05.01	1.10220	1.10351	1.09640	1.09708	39121	0	10
2023.05.02	1.09704	1.10075	1.09417	1.09980	47553	0	10
2023.05.03	1.09980	1.10907	1.09961	1.10580	49015	0	10
2023.05.04	1.10577	1.10909	1.09857	1.10104	58858	0	10
2023.05.05	1.10093	1.10473	1.09663	1.10150	43540	0	10
2023.05.08	1.10217	1.10532	1.09997	1.10020	34449	0	10
2023.05.09	1.10012	1.10043	1.09407	1.09586	38789	0	10
2023.05.10	1.09586	1.10063	1.09411	1.09800	43793	0	10
2023.05.11	1.09799	1.09976	1.08997	1.09139	48651	0	10
2023.05.12	1.09140	1.09350	1.08458	1.08458	40817	0	10
2023.05.15	1.08596	1.08903	1.08451	1.08728	34981	0	10
2023.05.16	1.08731	1.09042	1.08545	1.08600	39178	0	10
2023.05.17	1.08592	1.08731	1.08098	1.08378	40798	0	10
2023.05.18	1.08378	1.08475	1.07620	1.07684	38331	0	10
2023.05.19	1.07684	1.08284	1.07596	1.08048	44707	0	10
2023.05.22	1.08030	1.08308	1.07951	1.08111	40569	0	10
2023.05.23	1.08117	1.08201	1.07599	1.07678	43370	0	10
2023.05.24	1.07679	1.08008	1.07477	1.07479	47082	0	10
2023.05.25	1.07479	1.07563	1.07069	1.07238	44841	0	10
2023.05.26	1.07227	1.07582	1.07014	1.07196	42557	0	10
2023.05.29	1.07132	1.07430	1.07053	1.07057	20498	0	10
2023.05.30	1.07057	1.07462	1.06721	1.07328	44782	0	10
2023.05.31	1.07278	1.07352	1.06347	1.06876	49213	0	10
2023.06.01	1.06876	1.07680	1.06614	1.07606	45683	0	10
2023.06.02	1.07606	1.07785	1.07049	1.07059	41213	0	10
2023.06.05	1.07102	1.07219	1.06741	1.07115	37518	0	10
2023.06.06	1.07116	1.07324	1.06666	1.06912	37922	0	10
2023.06.07	1.06912	1.07393	1.06679	1.06970	38587	0	10
2023.06.08	1.06969	1.07865	1.06917	1.07806	39036	0	10
2023.06.09	1.07802	1.07846	1.07425	1.07466	35608	0	10
2023.06.12	1.07457	1.07896	1.07327	1.07557	34667	0	10
2023.06.13	1.07541	1.08231	1.07527	1.07918	44305	0	10
2023.06.14	1.07917	1.08636	1.07737	1.08233	43197	0	10
2023.06.15	1.08247	1.09521	1.08033	1.09433	45539	0	10
2023.06.16	1.09423	1.09702	1.09176	1.09346	40736	0	10
2023.06.19	1.09385	1.09459	1.09066	1.09201	29284	0	10
2023.06.20	1.09201	1.09458	1.08920	1.09165	42521	0	10
2023.06.21	1.09164	1.09903	1.09057	1.09845	45077	0	10
2023.06.22	1.09847	1.10117	1.09481	1.09542	43402	0	10
2023.06.23	1.09543	1.09583	1.08440	1.08851	46546	0	10
2023.06.26	1.09001	1.09196	1.08870	1.09011	37239	0	10
2023.06.27	1.09009	1.09762	1.09008	1.09556	43385	0	10
2023.06.28	1.09529	1.09622	1.08966	1.09080	43678	0	10
2023.06.29	1.09080	1.09409	1.08579	1.08589	45124	0	10
2023.06.30	1.08587	1.09313	1.08349	1.09029	44605	0	10
2023.07.03	1.09057	1.09334	1.08698	1.09058	36743	0	10
2023.07.04	1.09055	1.09159	1.08722	1.08741	24997	0	10
2023.07.05	1.08757	1.09074	1.08484	1.08491	39250	0	10
2023.07.06	1.08491	1.09000	1.08333	1.08837	48956	0	10
2023.07.07	1.08823	1.09728	1.08666	1.09595	46008	0	10
2023.07.10	1.09543	1.10010	1.09431	1.09964	40813	0	10
2023.07.11	1.09963	1.10263	1.09766	1.10035	38982	0	10
2023.07.12	1.10030	1.11399	1.09964	1.11250	49403	0	10
2023.07.13	1.11247	1.12274	1.11194	1.12210	47691	0	10
2023.07.14	1.12211	1.12445	1.12038	1.12176	47898	0	10
2023.07.17	1.12251	1.12484	1.12030	1.12266	37148	0	10
2023.07.18	1.12286	1.12753	1.12085	1.12234	50572	0	10
2023.07.19	1.12228	1.12397	1.11740	1.11929	48827	0	10
2023.07.20	1.11931	1.12286	1.11180	1.11247	46889	0	10
2023.07.21	1.11248	1.11445	1.11074	1.11209	43747	0	10
2023.07.24	1.11178	1.11465	1.10587	1.10595	46949	0	10
2023.07.25	1.10589	1.10864	1.10203	1.10436	42364	0	10
2023.07.26	1.10437	1.11063	1.10373	1.10809	51042	0	10
2023.07.27	1.10723	1.11492	1.09655	1.09718	60939	0	10
2023.07.28	1.09722	1.10470	1.09432	1.10088	63562	0	10
2023.07.31	1.10150	1.10454	1.09913	1.09920	47777	0	10
2023.08.01	1.09916	1.10025	1.09519	1.09795	44173	0	10
2023.08.02	1.09769	1.10192	1.09176	1.09331	55204	0	10
2023.08.03	1.09328	1.09624	1.09119	1.09441	53454	0	10
2023.08.04	1.09436	1.10414	1.09347	1.10001	49921	0	10
2023.08.07	1.10064	1.10137	1.09650	1.09973	38572	0	10
2023.08.08	1.09976	1.10106	1.09286	1.09513	45014	0	10
2023.08.09	1.09498	1.09949	1.09449	1.09689	41347	0	10
2023.08.10	1.09686	1.10643	1.09669	1.09760	51021	0	10
2023.08.11	1.09759	1.10046	1.09390	1.09390	45311	0	10
2023.08.14	1.09435	1.09597	1.08743	1.09006	47361	0	10
2023.08.15	1.08999	1.09519	1.08968	1.08975	52884	0	10
2023.08.16	1.08969	1.09341	1.08712	1.08743	52282	0	10
2023.08.17	1.08743	1.09178	1.08560	1.08672	53078	0	10
2023.08.18	1.08671	1.08933	1.08445	1.08635	47590	0	10
2023.08.21	1.08618	1.09132	1.08607	1.08863	42191	0	10
2023.08.22	1.08860	1.09299	1.08324	1.08404	41926	0	10
2023.08.23	1.08406	1.08709	1.08020	1.08584	46981	0	10
2023.08.24	1.08579	1.08761	1.08047	1.08053	43076	0	10
2023.08.25	1.08053	1.08411	1.07653	1.07897	48386	0	10
2023.08.28	1.07910	1.08215	1.07894	1.08140	38072	0	10
2023.08.29	1.08140	1.08915	1.07818	1.08749	46365	0	10
2023.08.30	1.08732	1.09450	1.08548	1.09184	46556	0	10
2023.08.31	1.09157	1.09391	1.08347	1.08385	44384	0	10
