time,open,high,low,close,volume,spread
2023.07.13 01:00:00,1956.76,1958.38,1956.76,1957.73,1055,12
2023.07.13 02:00:00,1957.73,1957.97,1957.42,1957.78,921,12
2023.07.13 03:00:00,1957.84,1958.91,1956.53,1957,3158,12
2023.07.13 04:00:00,1957.03,1959.94,1956.4,1959.56,4479,12
2023.07.13 05:00:00,1959.56,1961.72,1958.64,1960.11,3601,12
2023.07.13 06:00:00,1960.1,1961.07,1958.84,1960.33,3066,12
2023.07.13 07:00:00,1960.34,1962.32,1957.15,1957.24,2756,12
2023.07.13 08:00:00,1957.2,1958.47,1955.29,1955.44,4210,12
2023.07.13 09:00:00,1955.46,1963.01,1955.46,1962.87,5026,12
2023.07.13 10:00:00,1962.79,1963.34,1959.38,1961.83,4618,12
2023.07.13 11:00:00,1961.84,1962.78,1960.26,1960.9,3811,12
2023.07.13 12:00:00,1960.91,1960.97,1959.43,1960.02,3162,12
2023.07.13 13:00:00,1960.01,1960.58,1958.21,1960.52,3222,12
2023.07.13 14:00:00,1960.52,1960.7,1957.95,1959.91,3443,12
2023.07.13 15:00:00,1959.9,1963.62,1952.42,1957.57,7682,12
2023.07.13 16:00:00,1957.55,1961.4,1956.72,1958.52,8347,12
2023.07.13 17:00:00,1958.52,1961.9,1957.55,1960.83,7403,12
2023.07.13 18:00:00,1960.83,1961.6,1954.71,1954.98,5882,12
2023.07.13 19:00:00,1955.01,1959.77,1954.77,1958.79,5053,12
2023.07.13 20:00:00,1958.79,1960.45,1957.59,1960.05,3953,12
2023.07.13 21:00:00,1960.01,1960.82,1958.87,1959.91,3115,12
2023.07.13 22:00:00,1959.91,1960.51,1959.58,1959.96,2860,12
2023.07.13 23:00:00,1959.95,1960.7,1959.82,1960.34,1289,12
2023.07.14 01:00:00,1960.19,1960.89,1959.91,1959.92,881,12
2023.07.14 02:00:00,1959.92,1961.83,1959.87,1960.11,1740,12
2023.07.14 03:00:00,1960.25,1960.59,1958.38,1959.38,2670,12
2023.07.14 04:00:00,1959.39,1963.26,1958.45,1962.82,4914,12
2023.07.14 05:00:00,1962.83,1963.76,1961.53,1961.6,3768,12
2023.07.14 06:00:00,1961.56,1963.07,1961.05,1962.56,2926,12
2023.07.14 07:00:00,1962.53,1962.53,1960.33,1960.39,2411,12
2023.07.14 08:00:00,1960.39,1961.28,1957.93,1958.85,3476,12
2023.07.14 09:00:00,1958.86,1960.37,1955.67,1956.61,4741,12
2023.07.14 10:00:00,1956.58,1957.4,1954.32,1956.85,4457,12
2023.07.14 11:00:00,1956.84,1958.23,1955.65,1956.15,3946,12
2023.07.14 12:00:00,1956.16,1957.34,1955.28,1955.96,2841,12
2023.07.14 13:00:00,1955.93,1957.04,1955.18,1956.12,3211,12
2023.07.14 14:00:00,1956.16,1960.08,1956.16,1959.26,3475,12
2023.07.14 15:00:00,1959.27,1962.71,1956.91,1957.51,6249,12
2023.07.14 16:00:00,1957.49,1960.96,1954.45,1960.06,7785,12
2023.07.14 17:00:00,1957.18,1960.66,1950.97,1960.21,9202,12
2023.07.14 18:00:00,1960.18,1961.96,1957.38,1958.12,6380,12
2023.07.14 19:00:00,1958.12,1959.36,1957.16,1958.97,4955,12
2023.07.14 20:00:00,1958.98,1960.34,1958.26,1960.31,3932,12
2023.07.14 21:00:00,1960.31,1961.05,1959.11,1959.27,3049,12
2023.07.14 22:00:00,1959.26,1959.27,1954.4,1954.4,3588,12
2023.07.14 23:00:00,1954.39,1955.75,1954.37,1955.35,1536,12
2023.07.17 01:00:00,1954.81,1955.83,1952.91,1953.08,1267,12
2023.07.17 02:00:00,1953.13,1953.4,1951.45,1953.32,1561,12
2023.07.17 03:00:00,1953.31,1954.74,1952.43,1954.65,2226,12
2023.07.17 04:00:00,1954.65,1955.95,1951.97,1952.62,3655,12
2023.07.17 05:00:00,1952.42,1953.87,1951.24,1953.57,2662,12
2023.07.17 06:00:00,1953.57,1953.74,1951.04,1952.12,1894,12
2023.07.17 07:00:00,1952.12,1953.68,1951.47,1953.64,1576,12
2023.07.17 08:00:00,1953.63,1956.81,1953.48,1953.99,3065,12
2023.07.17 09:00:00,1954,1955.02,1952.01,1953.23,3564,12
2023.07.17 10:00:00,1953.32,1955.13,1950.62,1952.33,4534,12
2023.07.17 11:00:00,1952.31,1957.44,1951.96,1955.82,4552,12
2023.07.17 12:00:00,1955.9,1959.24,1954.29,1958.68,3863,12
2023.07.17 13:00:00,1958.66,1959.84,1956.95,1957.23,3643,12
2023.07.17 14:00:00,1957.23,1958.07,1956.64,1957.62,3158,12
2023.07.17 15:00:00,1957.59,1959.47,1948.16,1948.62,6941,12
2023.07.17 16:00:00,1948.61,1951.63,1945.76,1950.48,7771,12
2023.07.17 17:00:00,1950.52,1954.16,1949.33,1954,6659,12
2023.07.17 18:00:00,1954.14,1955.12,1951.28,1954.61,4830,12
2023.07.17 19:00:00,1954.58,1955.62,1953.91,1954.55,3604,12
2023.07.17 20:00:00,1954.56,1955.24,1952.47,1955.24,3431,12
2023.07.17 21:00:00,1955.21,1955.95,1954.75,1955.59,2446,12
2023.07.17 22:00:00,1955.58,1956.38,1954.61,1955.35,2342,12
2023.07.17 23:00:00,1955.26,1955.5,1954.46,1954.88,1104,12
2023.07.18 01:00:00,1954.5,1955.09,1954.46,1955.03,713,12
2023.07.18 02:00:00,1955.03,1956.28,1955.02,1955.46,884,12
2023.07.18 03:00:00,1955.46,1956.81,1954.68,1955.38,2434,12
2023.07.18 04:00:00,1955.4,1959.55,1955.1,1957.15,4814,12
2023.07.18 05:00:00,1957.12,1959.01,1955.85,1959,3212,12
2023.07.18 06:00:00,1958.99,1960.69,1958.59,1959.83,2801,12
2023.07.18 07:00:00,1959.85,1961.09,1959.65,1959.97,2007,12
2023.07.18 08:00:00,1959.97,1961.73,1959.01,1959.27,3108,12
2023.07.18 09:00:00,1959.25,1961.96,1957.76,1961.58,4122,12
2023.07.18 10:00:00,1961.68,1964.1,1960.81,1961.49,5642,12
2023.07.18 11:00:00,1961.52,1963,1960.53,1961.66,4697,12
2023.07.18 12:00:00,1961.65,1963.29,1961.21,1962.98,3459,12
2023.07.18 13:00:00,1962.98,1964.32,1961.79,1963.12,3077,12
2023.07.18 14:00:00,1963.11,1972.16,1961.03,1963.06,5003,12
2023.07.18 15:00:00,1963.19,1971.1,1960.77,1968.74,7753,12
2023.07.18 16:00:00,1968.76,1972.03,1963.74,1971.3,8952,12
2023.07.18 17:00:00,1971.29,1983.6,1971.11,1982.8,8691,12
2023.07.18 18:00:00,1982.81,1984.37,1977.55,1978.13,6566,12
2023.07.18 19:00:00,1978.13,1981.47,1976.95,1977.93,4997,12
2023.07.18 20:00:00,1977.92,1977.97,1975.03,1976.31,4433,12
2023.07.18 21:00:00,1976.27,1977.61,1975.35,1976.84,2918,12
2023.07.18 22:00:00,1976.79,1978.19,1976.26,1977.69,2827,12
2023.07.18 23:00:00,1977.69,1978.95,1977.35,1978.77,1379,12
2023.07.19 01:00:00,1978.73,1979.14,1978.51,1978.78,868,12
2023.07.19 02:00:00,1978.78,1979.15,1976.8,1977.5,1449,12
2023.07.19 03:00:00,1977.54,1978.48,1976.56,1978.47,2555,12
2023.07.19 04:00:00,1978.49,1978.51,1976.36,1976.62,4335,12
2023.07.19 05:00:00,1976.6,1977.31,1974.42,1976.46,3568,12
2023.07.19 06:00:00,1976.46,1977.13,1975.48,1975.49,2468,12
2023.07.19 07:00:00,1975.49,1976.08,1974.12,1974.82,2260,12
2023.07.19 08:00:00,1974.82,1978.38,1974.55,1978.15,2992,12
2023.07.19 09:00:00,1978.34,1979.89,1972.97,1976.61,5646,12
2023.07.19 10:00:00,1976.57,1980.89,1976.5,1977.92,5236,12
2023.07.19 11:00:00,1977.93,1979.07,1977.15,1977.51,3952,12
2023.07.19 12:00:00,1977.49,1979.11,1976.85,1977.19,3351,12
2023.07.19 13:00:00,1977.2,1978.14,1974.07,1974.86,3304,12
2023.07.19 14:00:00,1974.88,1975.89,1971.59,1973.72,4080,12
2023.07.19 15:00:00,1973.74,1979.52,1973.58,1977.56,6598,12
2023.07.19 16:00:00,1977.55,1979.81,1975.62,1977.09,6980,12
2023.07.19 17:00:00,1977.03,1977.88,1969.77,1974.55,7554,12
2023.07.19 18:00:00,1974.54,1976.48,1972.49,1973.86,5709,12
2023.07.19 19:00:00,1973.87,1977.86,1972.08,1977.51,4779,12
2023.07.19 20:00:00,1977.49,1978.92,1976.2,1977.28,3602,12
2023.07.19 21:00:00,1977.29,1978.12,1976.5,1977.81,2413,12
2023.07.19 22:00:00,1977.81,1978.49,1977.56,1978.44,2289,12
2023.07.19 23:00:00,1978.42,1978.52,1976.61,1977.04,1077,12
2023.07.20 01:00:00,1976.32,1978.76,1975.63,1977.43,1029,12
2023.07.20 02:00:00,1977.43,1977.87,1976.88,1977.75,988,12
2023.07.20 03:00:00,1977.71,1979.31,1977.34,1979.03,2617,12
2023.07.20 04:00:00,1979.05,1985.24,1978.97,1984.92,5400,12
2023.07.20 05:00:00,1984.96,1986.6,1983.66,1986.48,3805,12
2023.07.20 06:00:00,1986.49,1987.44,1985.12,1985.18,2785,12
2023.07.20 07:00:00,1985.2,1985.47,1984.08,1984.58,1813,12
2023.07.20 08:00:00,1984.58,1984.69,1980.16,1980.82,3531,12
2023.07.20 09:00:00,1980.82,1982.49,1978.98,1980.55,4353,12
2023.07.20 10:00:00,1980.55,1982.67,1977.86,1979.23,5605,12
2023.07.20 11:00:00,1979.21,1983.86,1978.19,1981.57,4839,12
2023.07.20 12:00:00,1981.58,1982.33,1980.56,1980.9,3184,12
2023.07.20 13:00:00,1980.9,1983.2,1980.14,1980.58,3265,12
2023.07.20 14:00:00,1980.58,1982.36,1979.34,1981.45,3442,12
2023.07.20 15:00:00,1981.4,1981.64,1972.42,1973.97,6886,12
2023.07.20 16:00:00,1973.96,1980.09,1972.81,1975.99,8098,12
2023.07.20 17:00:00,1976.13,1977.38,1965.83,1970.46,8464,12
2023.07.20 18:00:00,1970.48,1970.96,1967.17,1968.64,5537,12
2023.07.20 19:00:00,1968.67,1968.98,1965.36,1967.98,4949,12
2023.07.20 20:00:00,1967.98,1970.96,1967.98,1970.57,3479,12
2023.07.20 21:00:00,1970.57,1971.49,1969.22,1969.7,2892,12
2023.07.20 22:00:00,1969.7,1971.44,1968.55,1968.81,2927,12
2023.07.20 23:00:00,1968.83,1969.83,1968.54,1969.46,1005,12
2023.07.21 01:00:00,1970.14,1970.77,1970.1,1970.64,707,12
2023.07.21 02:00:00,1970.64,1972.84,1970.63,1972.2,1345,12
2023.07.21 03:00:00,1972.2,1973.4,1971.65,1972.94,2655,12
2023.07.21 04:00:00,1972.93,1973.77,1971.5,1972.3,4234,12
2023.07.21 05:00:00,1972.3,1972.7,1970.47,1970.88,3467,12
2023.07.21 06:00:00,1970.88,1971.08,1969.89,1970.22,2286,12
2023.07.21 07:00:00,1970.21,1971.01,1969.04,1969.95,1674,12
2023.07.21 08:00:00,1969.95,1970.42,1968.03,1969.36,2506,12
2023.07.21 09:00:00,1969.37,1972.22,1969.09,1970.73,3829,12
2023.07.21 10:00:00,1970.7,1971.14,1964.15,1964.28,5710,12
2023.07.21 11:00:00,1964.28,1965.29,1961.18,1961.46,5741,12
2023.07.21 12:00:00,1961.46,1964.58,1961.09,1963.95,4544,12
2023.07.21 13:00:00,1963.91,1964.39,1962.21,1963.83,3355,12
2023.07.21 14:00:00,1963.83,1966.81,1962.21,1965.76,3869,12
2023.07.21 15:00:00,1965.75,1968.08,1962.47,1963.14,5976,12
2023.07.21 16:00:00,1963.11,1964.35,1958.51,1961.56,7544,12
2023.07.21 17:00:00,1961.56,1965.33,1958.04,1959.8,7274,12
2023.07.21 18:00:00,1959.76,1962.83,1956.82,1960.31,5840,12
2023.07.21 19:00:00,1960.31,1963.83,1960.17,1963.49,3955,12
2023.07.21 20:00:00,1963.49,1964.84,1962.71,1962.74,3409,12
2023.07.21 21:00:00,1962.8,1964.25,1962.73,1963.16,2303,12
2023.07.21 22:00:00,1963.15,1963.16,1961.65,1962.43,2400,12
2023.07.21 23:00:00,1962.42,1962.62,1961.47,1961.78,908,12
2023.07.24 01:00:00,1962.09,1962.86,1961.63,1962.02,956,12
2023.07.24 02:00:00,1962,1962.26,1960.35,1961.21,1124,12
2023.07.24 03:00:00,1961.25,1961.97,1959.89,1961.79,2214,12
2023.07.24 04:00:00,1961.77,1962.62,1959.11,1961.47,4117,12
2023.07.24 05:00:00,1961.47,1961.97,1960.2,1960.68,2714,12
2023.07.24 06:00:00,1960.68,1961.97,1959.84,1960.17,2106,12
2023.07.24 07:00:00,1960.13,1960.71,1959.04,1960.61,1910,12
2023.07.24 08:00:00,1960.57,1962.11,1959.77,1959.97,2828,12
2023.07.24 09:00:00,1959.97,1962.12,1957.88,1961.75,3057,12
2023.07.24 10:00:00,1961.69,1965.66,1961.57,1963.27,5783,12
2023.07.24 11:00:00,1963.31,1963.89,1959.4,1959.59,4722,12
2023.07.24 12:00:00,1959.61,1966.1,1959.45,1965.41,4214,12
2023.07.24 13:00:00,1965.41,1966.52,1963.87,1965.47,3165,12
2023.07.24 14:00:00,1965.51,1967.86,1964.75,1964.97,3630,12
2023.07.24 15:00:00,1964.98,1967.67,1963.94,1967.39,5222,12
2023.07.24 16:00:00,1967.45,1967.49,1959.14,1959.44,7611,12
2023.07.24 17:00:00,1959.45,1962.39,1957.12,1961.35,7627,12
2023.07.24 18:00:00,1961.34,1962.15,1957.85,1959.68,5313,12
2023.07.24 19:00:00,1959.69,1961.45,1958.35,1959.89,4398,12
2023.07.24 20:00:00,1959.89,1960.69,1958.91,1959.05,3136,12
2023.07.24 21:00:00,1959.08,1959.18,1954.03,1954.95,3216,12
2023.07.24 22:00:00,1954.94,1955.09,1953.45,1954.37,2300,12
2023.07.24 23:00:00,1954.37,1955.5,1954.16,1954.78,1136,12
2023.07.25 01:00:00,1955.09,1955.36,1954.77,1954.95,646,12
2023.07.25 02:00:00,1954.95,1954.95,1953.2,1954.39,969,12
2023.07.25 03:00:00,1954.39,1955.64,1953.85,1955.3,2339,12
2023.07.25 04:00:00,1955.29,1962.86,1955.29,1962.63,4985,12
2023.07.25 05:00:00,1962.63,1963.45,1961.53,1962.23,3629,12
2023.07.25 06:00:00,1962.27,1963.53,1961.05,1961.6,2562,12
2023.07.25 07:00:00,1961.59,1962.11,1960.54,1960.56,1557,12
2023.07.25 08:00:00,1960.56,1963.22,1960.43,1962.61,2939,12
2023.07.25 09:00:00,1962.59,1964.02,1960.57,1962.38,4052,12
2023.07.25 10:00:00,1962.33,1962.84,1959.73,1961.2,4643,12
2023.07.25 11:00:00,1961.16,1963.38,1959.37,1962.89,4753,12
2023.07.25 12:00:00,1962.89,1963.66,1961.26,1962.15,3168,12
2023.07.25 13:00:00,1962.16,1962.65,1959.12,1959.16,2754,12
2023.07.25 14:00:00,1959.16,1960.74,1953.14,1960.74,5013,12
2023.07.25 15:00:00,1960.73,1963.5,1956.15,1959.41,5069,12
2023.07.25 16:00:00,1959.38,1961.09,1955.85,1956.81,6212,12
2023.07.25 17:00:00,1956.79,1961.96,1951.55,1961.76,5919,12
2023.07.25 18:00:00,1961.76,1965.31,1961.61,1964.3,4575,12
2023.07.25 19:00:00,1964.26,1965.67,1962.12,1962.37,3372,12
2023.07.25 20:00:00,1962.34,1963.87,1961.3,1962.22,3003,12
2023.07.25 21:00:00,1962.22,1964.09,1962.14,1963.56,2511,12
2023.07.25 22:00:00,1963.51,1965.19,1963.5,1964.48,2246,12
2023.07.25 23:00:00,1964.42,1965.16,1964.22,1964.87,1284,12
2023.07.26 01:00:00,1964.93,1966.26,1964.08,1964.52,1181,12
2023.07.26 02:00:00,1964.52,1965.96,1964.52,1965.33,845,12
2023.07.26 03:00:00,1965.33,1966.06,1964.73,1964.9,1750,12
2023.07.26 04:00:00,1964.89,1965.61,1961.99,1963.84,3918,12
2023.07.26 05:00:00,1963.84,1964.76,1962.38,1964.09,2412,12
2023.07.26 06:00:00,1964.09,1964.66,1963.23,1963.93,2121,12
2023.07.26 07:00:00,1963.95,1964.41,1962.98,1963.14,1414,12
2023.07.26 08:00:00,1963.16,1965.08,1962.41,1965,2626,12
2023.07.26 09:00:00,1965.02,1970.94,1964.44,1969.58,4574,12
2023.07.26 10:00:00,1969.62,1971.14,1968.06,1970.64,4757,12
2023.07.26 11:00:00,1970.69,1972.5,1970.12,1972.09,4208,12
2023.07.26 12:00:00,1972.09,1972.45,1971.02,1971.42,3281,12
2023.07.26 13:00:00,1971.44,1972.04,1969.63,1971.66,2718,12
2023.07.26 14:00:00,1971.76,1974.19,1971.34,1972.12,3876,12
2023.07.26 15:00:00,1972.16,1974.12,1971.23,1972.28,5212,12
2023.07.26 16:00:00,1972.26,1972.29,1963.93,1966.66,7082,12
2023.07.26 17:00:00,1966.63,1969.27,1964.31,1969.01,6906,12
2023.07.26 18:00:00,1969.01,1975.03,1968.54,1972.39,5934,12
2023.07.26 19:00:00,1972.37,1973.38,1969.9,1970.32,3869,12
2023.07.26 20:00:00,1970.32,1970.44,1967.69,1969.43,3593,12
2023.07.26 21:00:00,1969.43,1978.35,1965.64,1977.22,8505,12
2023.07.26 22:00:00,1977.23,1977.41,1971.76,1974.84,5824,12
2023.07.26 23:00:00,1974.8,1974.8,1972.07,1972.18,1611,12
2023.07.27 01:00:00,1971.51,1974.76,1970.92,1973.4,1273,12
2023.07.27 02:00:00,1973.42,1973.88,1971.71,1972,948,12
2023.07.27 03:00:00,1972.05,1973.02,1971.15,1972.43,1668,12
2023.07.27 04:00:00,1972.43,1978.06,1972.23,1977.75,3992,12
2023.07.27 05:00:00,1977.76,1982,1977.76,1979.21,3705,12
2023.07.27 06:00:00,1979.22,1979.54,1976.74,1977.99,1951,12
2023.07.27 07:00:00,1977.99,1978.77,1976.54,1976.71,2045,12
2023.07.27 08:00:00,1976.7,1976.79,1975.02,1975.69,2549,12
2023.07.27 09:00:00,1975.81,1977.39,1974.06,1974.77,4121,12
2023.07.27 10:00:00,1974.73,1982.16,1974.23,1979.97,5478,12
2023.07.27 11:00:00,1979.91,1981.07,1975.77,1975.88,4896,12
2023.07.27 12:00:00,1975.89,1978.08,1973.62,1975.38,3786,12
2023.07.27 13:00:00,1975.38,1976.89,1975.01,1976.24,3093,12
2023.07.27 14:00:00,1976.24,1979.07,1975.6,1979.06,3332,12
2023.07.27 15:00:00,1979.06,1979.14,1957.95,1960.18,7324,12
2023.07.27 16:00:00,1960.25,1960.4,1943.32,1945.36,8982,12
2023.07.27 17:00:00,1945.31,1947.85,1942.68,1944.61,7699,12
2023.07.27 18:00:00,1944.62,1947.41,1943.79,1946.9,5341,12
2023.07.27 19:00:00,1946.9,1947.74,1942.59,1944.25,4127,12
2023.07.27 20:00:00,1944.28,1949.7,1943.4,1948.78,6488,12
2023.07.27 21:00:00,1948.77,1948.81,1944.01,1945.42,4077,12
2023.07.27 22:00:00,1945.43,1947.44,1943.75,1944.23,3525,12
2023.07.27 23:00:00,1944.23,1945.53,1943.5,1945.46,1284,12
2023.07.28 01:00:00,1946.41,1947.6,1946.22,1946.86,1287,12
2023.07.28 02:00:00,1946.85,1948.06,1945.43,1947.42,2015,12
2023.07.28 03:00:00,1947.41,1947.81,1946.05,1946.93,2768,12
2023.07.28 04:00:00,1946.92,1951.23,1946.59,1951,4367,12
2023.07.28 05:00:00,1951,1952.31,1948.49,1952.14,3028,12
2023.07.28 06:00:00,1952.12,1954.89,1950.17,1954.21,5351,12
2023.07.28 07:00:00,1954.26,1956.75,1950.67,1951.85,5260,12
2023.07.28 08:00:00,1951.85,1953.47,1950.69,1952.76,3855,12
2023.07.28 09:00:00,1952.69,1953.56,1950.03,1951.54,4875,12
2023.07.28 10:00:00,1951.3,1953.39,1948.27,1949.64,6213,12
2023.07.28 11:00:00,1949.71,1950.44,1947.91,1949.52,4670,12
2023.07.28 12:00:00,1949.53,1953.73,1948.37,1951.93,4089,12
2023.07.28 13:00:00,1951.96,1954.6,1951.06,1953.1,3680,12
2023.07.28 14:00:00,1953.08,1957.94,1953.03,1956.61,4293,12
2023.07.28 15:00:00,1956.54,1961.18,1954.17,1955.61,6911,12
2023.07.28 16:00:00,1955.51,1958.02,1952.27,1955.86,7277,12
2023.07.28 17:00:00,1955.91,1960.57,1955.11,1960.24,6784,12
2023.07.28 18:00:00,1960.23,1963.29,1959.74,1960.95,5348,12
2023.07.28 19:00:00,1960.93,1963.52,1960.29,1961.1,3709,12
2023.07.28 20:00:00,1961.08,1962.41,1958.86,1959.64,3383,12
2023.07.28 21:00:00,1959.7,1960.93,1958.95,1959.02,2194,12
2023.07.28 22:00:00,1959.02,1959.51,1957.5,1959.08,2392,12
2023.07.28 23:00:00,1959.07,1959.57,1958.63,1959.2,1074,12
2023.07.31 01:00:00,1958.67,1960.56,1958.67,1960.08,1296,12
2023.07.31 02:00:00,1960.09,1960.19,1957.41,1958.13,1608,12
2023.07.31 03:00:00,1958.09,1958.93,1956.36,1958.24,2198,12
2023.07.31 04:00:00,1958.24,1958.58,1955.48,1956.77,4220,12
2023.07.31 05:00:00,1956.69,1958.41,1956.14,1956.71,3359,12
2023.07.31 06:00:00,1956.74,1957.58,1953.73,1954.57,2310,12
2023.07.31 07:00:00,1954.58,1955.8,1953.46,1954.47,1907,12
2023.07.31 08:00:00,1954.47,1955.31,1953.1,1955.12,2464,12
2023.07.31 09:00:00,1955.12,1957.16,1953.64,1954.82,3165,12
2023.07.31 10:00:00,1954.84,1956.25,1953.27,1954.92,4169,12
2023.07.31 11:00:00,1954.92,1955.95,1950.93,1953.57,3901,12
2023.07.31 12:00:00,1953.55,1957.21,1953.32,1956.87,3672,12
2023.07.31 13:00:00,1956.84,1958.39,1956.41,1958.38,3040,12
2023.07.31 14:00:00,1958.38,1961.09,1957.93,1959.09,3572,12
2023.07.31 15:00:00,1959.06,1967.03,1957.51,1965.47,5575,12
2023.07.31 16:00:00,1965.48,1972.39,1962.87,1971.39,7009,12
2023.07.31 17:00:00,1971.43,1971.94,1965.59,1967.36,6694,12
2023.07.31 18:00:00,1967.32,1971.68,1966.78,1970.63,4535,12
2023.07.31 19:00:00,1970.72,1972.28,1970.21,1970.95,3209,12
2023.07.31 20:00:00,1970.98,1972.05,1970.48,1971,2900,12
2023.07.31 21:00:00,1971,1971.05,1966.37,1966.45,2688,12
2023.07.31 22:00:00,1966.46,1967.08,1964.24,1964.56,3438,12
2023.07.31 23:00:00,1964.56,1965.97,1964.56,1965.48,1583,12
2023.08.01 01:00:00,1965.69,1965.99,1964.58,1965.61,876,12
2023.08.01 02:00:00,1965.7,1965.71,1963.88,1963.92,1115,12
2023.08.01 03:00:00,1963.88,1964.67,1963.01,1963.42,1946,12
2023.08.01 04:00:00,1963.39,1963.93,1960.71,1960.98,3703,12
2023.08.01 05:00:00,1960.98,1961.11,1958.99,1960.56,3028,12
2023.08.01 06:00:00,1960.56,1962.74,1959.73,1962.17,2576,12
2023.08.01 07:00:00,1962.16,1962.32,1958.92,1959.68,2280,12
2023.08.01 08:00:00,1959.64,1960.21,1958.25,1958.93,2621,12
2023.08.01 09:00:00,1958.92,1959.16,1955.88,1957.66,3356,12
2023.08.01 10:00:00,1957.66,1957.67,1954.45,1955.5,4592,12
2023.08.01 11:00:00,1955.5,1957.25,1954.71,1955.84,3917,12
2023.08.01 12:00:00,1955.79,1957.7,1955.68,1956.88,2917,12
2023.08.01 13:00:00,1956.87,1957.45,1954.53,1956.25,3101,12
2023.08.01 14:00:00,1956.51,1956.63,1953.08,1953.58,3817,12
2023.08.01 15:00:00,1953.59,1956.04,1946,1946.86,6664,12
2023.08.01 16:00:00,1946.83,1948.73,1944.46,1947.89,7505,12
2023.08.01 17:00:00,1947.93,1953.85,1943.54,1946.63,7964,12
2023.08.01 18:00:00,1946.63,1946.78,1941.43,1944.28,5360,12
2023.08.01 19:00:00,1944.28,1944.28,1941.96,1943.15,3741,12
2023.08.01 20:00:00,1943.17,1943.64,1941.24,1942.79,3358,12
2023.08.01 21:00:00,1942.79,1945.49,1942.79,1944.31,2466,12
2023.08.01 22:00:00,1944.32,1945.59,1943.99,1944.43,2167,12
2023.08.01 23:00:00,1944.55,1944.89,1944.09,1944.13,826,12
2023.08.02 01:00:00,1950.14,1951.74,1948.49,1951.19,2708,12
2023.08.02 02:00:00,1951.27,1952.88,1950.52,1952.14,1874,12
2023.08.02 03:00:00,1952.14,1952.41,1948.38,1949.26,2567,12
2023.08.02 04:00:00,1949.21,1949.88,1947.71,1947.76,3165,12
2023.08.02 05:00:00,1947.51,1949.83,1947.21,1948.24,2962,12
2023.08.02 06:00:00,1948.24,1949.51,1946.7,1949.34,2189,12
2023.08.02 07:00:00,1949.32,1949.42,1945.31,1946.37,1803,12
2023.08.02 08:00:00,1946.37,1949.96,1946.34,1948.96,2767,12
2023.08.02 09:00:00,1948.97,1950.41,1947.93,1949.1,3377,12
2023.08.02 10:00:00,1949.12,1950.29,1947.74,1948.4,4573,12
2023.08.02 11:00:00,1948.41,1951.77,1948.36,1949.86,4590,12
2023.08.02 12:00:00,1949.86,1951.31,1948.36,1949.63,3279,12
2023.08.02 13:00:00,1949.63,1953.02,1948.28,1952.65,3110,12
2023.08.02 14:00:00,1952.67,1954.78,1950.41,1950.68,3926,12
2023.08.02 15:00:00,1950.68,1951.9,1943.85,1945.64,7230,12
2023.08.02 16:00:00,1945.67,1947.65,1943.56,1945.12,6929,12
2023.08.02 17:00:00,1945.16,1945.26,1934,1935.94,7957,12
2023.08.02 18:00:00,1935.74,1936.93,1932.96,1935.58,6286,12
2023.08.02 19:00:00,1935.58,1938.42,1935.09,1935.68,4607,12
2023.08.02 20:00:00,1935.69,1939.03,1935.49,1936.59,3660,12
2023.08.02 21:00:00,1936.58,1936.79,1935.65,1936.49,2242,12
2023.08.02 22:00:00,1936.49,1936.85,1935.06,1935.26,1988,12
2023.08.02 23:00:00,1935.22,1935.53,1934.44,1934.83,809,12
2023.08.03 01:00:00,1935.27,1936.98,1934.77,1936.42,1059,12
2023.08.03 02:00:00,1936.38,1936.71,1935.63,1936.05,689,12
2023.08.03 03:00:00,1936.07,1937.05,1935.31,1935.53,1544,12
2023.08.03 04:00:00,1935.53,1938.94,1935.13,1936.86,2747,12
2023.08.03 05:00:00,1936.79,1938.21,1935.96,1936.24,2362,12
2023.08.03 06:00:00,1936.24,1937.37,1933.95,1937.26,2002,12
2023.08.03 07:00:00,1937.28,1938,1933.9,1934.1,2243,12
2023.08.03 08:00:00,1934.11,1935.62,1932.96,1935.13,3256,12
2023.08.03 09:00:00,1935.13,1936.13,1932.78,1933.52,3522,12
2023.08.03 10:00:00,1933.52,1938.23,1930.93,1936.9,5782,12
2023.08.03 11:00:00,1936.92,1938.43,1934.78,1937.79,4768,12
2023.08.03 12:00:00,1937.79,1937.83,1935.46,1936.17,3490,12
2023.08.03 13:00:00,1936.17,1937.42,1932.83,1934.34,3361,12
2023.08.03 14:00:00,1934.35,1937.15,1933.21,1935.08,4536,12
2023.08.03 15:00:00,1934.99,1938.4,1929.55,1932.89,7598,12
2023.08.03 16:00:00,1932.9,1937.77,1930.39,1932.35,8066,12
2023.08.03 17:00:00,1932.38,1938.6,1932.38,1935,7707,12
2023.08.03 18:00:00,1935,1938.76,1932.81,1933.07,5985,12
2023.08.03 19:00:00,1933.06,1935.91,1932.85,1935.67,3511,12
2023.08.03 20:00:00,1935.66,1935.9,1933.25,1934.75,3239,12
2023.08.03 21:00:00,1934.77,1935.32,1932.67,1933.14,2337,12
2023.08.03 22:00:00,1933.14,1934.44,1932.51,1934.22,2203,12
2023.08.03 23:00:00,1934.22,1934.72,1933.94,1934.05,1135,12
2023.08.04 01:00:00,1934.21,1937.01,1934.15,1935.51,1310,12
2023.08.04 02:00:00,1935.5,1935.83,1934.74,1935.8,761,12
2023.08.04 03:00:00,1935.8,1936.75,1934.83,1936.74,1657,12
2023.08.04 04:00:00,1936.74,1937.99,1935.51,1936.58,3951,12
2023.08.04 05:00:00,1936.58,1937.57,1934.71,1935.23,3524,12
2023.08.04 06:00:00,1935.22,1936.61,1934.34,1935.21,2065,12
2023.08.04 07:00:00,1935.21,1935.54,1933.18,1934.53,1971,12
2023.08.04 08:00:00,1934.53,1937.46,1934.21,1936.29,2694,12
2023.08.04 09:00:00,1936.26,1936.44,1932.11,1933.06,3266,12
2023.08.04 10:00:00,1932.98,1934.14,1932.12,1932.92,4066,12
2023.08.04 11:00:00,1932.92,1933.69,1932.18,1932.47,3270,12
2023.08.04 12:00:00,1932.47,1934.21,1932.19,1933.5,2761,12
2023.08.04 13:00:00,1933.54,1933.81,1931.24,1932.63,2893,12
2023.08.04 14:00:00,1932.8,1933.42,1931.31,1932.31,3017,12
2023.08.04 15:00:00,1932.32,1942.76,1925.86,1939.05,7905,12
2023.08.04 16:00:00,1938.94,1946.88,1938.77,1943.48,9182,12
2023.08.04 17:00:00,1943.46,1944.01,1938.91,1939.03,7670,12
2023.08.04 18:00:00,1939.02,1944,1937.57,1942.67,5547,12
2023.08.04 19:00:00,1942.69,1943.52,1940.8,1941.76,4029,12
2023.08.04 20:00:00,1941.76,1942.18,1940.6,1941.95,3457,12
2023.08.04 21:00:00,1942.02,1942.11,1939.81,1941.26,3190,12
2023.08.04 22:00:00,1941.34,1942.64,1940.7,1941.39,2558,12
2023.08.04 23:00:00,1941.36,1943.36,1941.17,1942.49,880,12
2023.08.07 01:00:00,1942.49,1946.67,1942.19,1943.62,1498,12
2023.08.07 02:00:00,1943.72,1943.98,1942.7,1943.91,1245,12
2023.08.07 03:00:00,1943.95,1945.33,1942.96,1944.31,2007,12
2023.08.07 04:00:00,1944.14,1944.25,1941.16,1942.34,3277,12
2023.08.07 05:00:00,1942.35,1942.86,1940.14,1940.87,2349,12
2023.08.07 06:00:00,1940.87,1941.72,1938.23,1939.27,1965,12
2023.08.07 07:00:00,1939.26,1939.49,1937.45,1938.83,1733,12
2023.08.07 08:00:00,1938.82,1938.97,1936.2,1936.65,2416,12
2023.08.07 09:00:00,1936.67,1938.19,1935.52,1937.14,2953,12
2023.08.07 10:00:00,1937.14,1938.13,1935.46,1936.77,4144,12
2023.08.07 11:00:00,1936.8,1936.8,1934.48,1936.2,3455,12
2023.08.07 12:00:00,1936.21,1937.58,1934.21,1934.28,2891,12
2023.08.07 13:00:00,1934.26,1935.65,1933.4,1935.25,3046,12
2023.08.07 14:00:00,1935.27,1936.34,1933.78,1936.19,2871,12
2023.08.07 15:00:00,1936.17,1938.24,1933.61,1938.02,4422,12
2023.08.07 16:00:00,1938.05,1941.63,1933.63,1933.7,6430,12
2023.08.07 17:00:00,1933.7,1936.89,1931.5,1934.18,5948,12
2023.08.07 18:00:00,1933.93,1935.37,1931.92,1932.53,4681,12
2023.08.07 19:00:00,1932.51,1935,1932.13,1934.42,3545,12
2023.08.07 20:00:00,1934.38,1936.97,1934.1,1936.01,2920,12
2023.08.07 21:00:00,1936.01,1937.09,1935.64,1936.96,2487,12
2023.08.07 22:00:00,1936.99,1937.6,1936.14,1936.82,1808,12
2023.08.07 23:00:00,1936.69,1936.72,1935.72,1936.51,1025,12
2023.08.08 01:00:00,1936.22,1937.33,1935.64,1936.09,1055,12
2023.08.08 02:00:00,1936.09,1938.06,1936.09,1936.75,1265,12
2023.08.08 03:00:00,1936.8,1937.33,1935.12,1935.73,2006,12
2023.08.08 04:00:00,1935.72,1935.74,1931.53,1931.58,3966,12
2023.08.08 05:00:00,1931.58,1935.18,1931.12,1934.95,3150,12
2023.08.08 06:00:00,1934.95,1935.33,1932.88,1933.07,2000,12
2023.08.08 07:00:00,1933.07,1934.53,1932.59,1934.43,1501,12
2023.08.08 08:00:00,1934.43,1934.89,1932.61,1934.01,2357,12
2023.08.08 09:00:00,1934.01,1934.81,1932.57,1933.17,3318,12
2023.08.08 10:00:00,1933.16,1934.31,1930.23,1930.47,4865,12
2023.08.08 11:00:00,1930.75,1935.11,1930.58,1935.1,3874,12
2023.08.08 12:00:00,1935.09,1935.63,1932.78,1934.92,3488,12
2023.08.08 13:00:00,1934.92,1935.41,1930.4,1930.76,3254,12
2023.08.08 14:00:00,1930.76,1933.25,1928.16,1928.8,4631,12
2023.08.08 15:00:00,1928.87,1929.95,1923.81,1925.4,6864,12
2023.08.08 16:00:00,1925.35,1928.99,1922.8,1926.4,7181,12
2023.08.08 17:00:00,1926.37,1932.04,1924.88,1927.1,6429,12
2023.08.08 18:00:00,1927.13,1928.09,1925.28,1925.86,4859,12
2023.08.08 19:00:00,1925.85,1928.49,1924.67,1925.37,3619,12
2023.08.08 20:00:00,1925.39,1926.43,1923.61,1925.56,3898,12
2023.08.08 21:00:00,1925.57,1926.25,1924.38,1925.33,2584,12
2023.08.08 22:00:00,1925.28,1926.63,1924.66,1924.86,2204,12
2023.08.08 23:00:00,1924.87,1925.32,1924.59,1925.13,790,12
2023.08.09 01:00:00,1925.04,1925.53,1924.57,1925.01,552,12
2023.08.09 02:00:00,1924.99,1925.71,1924.84,1925.59,665,12
2023.08.09 03:00:00,1925.61,1926.54,1924.76,1925.05,1332,12
2023.08.09 04:00:00,1925.05,1929.12,1924.24,1927.62,3337,12
2023.08.09 05:00:00,1927.68,1930.64,1927.46,1929.6,2517,12
2023.08.09 06:00:00,1929.62,1930.84,1928.52,1930.11,2066,12
2023.08.09 07:00:00,1930.16,1931.09,1929.52,1930.33,1391,12
2023.08.09 08:00:00,1930.39,1932.11,1930.12,1931.14,2206,12
2023.08.09 09:00:00,1931.14,1932.32,1928.58,1930.24,2692,12
2023.08.09 10:00:00,1930.18,1931.3,1929.42,1930.61,3579,12
2023.08.09 11:00:00,1930.58,1930.7,1927.44,1928.05,3349,12
2023.08.09 12:00:00,1928.03,1928.38,1925.88,1926.2,2569,12
2023.08.09 13:00:00,1926.2,1926.58,1924.62,1925.24,2694,12
2023.08.09 14:00:00,1925.23,1926.26,1923.26,1924.59,3164,12
2023.08.09 15:00:00,1924.52,1926.43,1922.15,1924.94,5466,12
2023.08.09 16:00:00,1924.91,1926.04,1921.54,1922.84,6019,12
2023.08.09 17:00:00,1922.8,1927.54,1916.12,1917.4,7238,12
2023.08.09 18:00:00,1917.4,1918.65,1915.61,1916.7,5883,12
2023.08.09 19:00:00,1916.69,1918.17,1915.69,1916.32,4057,12
2023.08.09 20:00:00,1916.32,1917.99,1916.03,1916.4,3412,12
2023.08.09 21:00:00,1916.4,1916.49,1915.43,1916.18,2599,12
2023.08.09 22:00:00,1916.18,1916.92,1915.55,1915.55,2221,12
2023.08.09 23:00:00,1915.54,1915.68,1914.01,1914.71,1042,12
2023.08.10 01:00:00,1914.72,1916.54,1914.61,1916.36,981,12
2023.08.10 02:00:00,1916.36,1916.97,1916.23,1916.68,851,12
2023.08.10 03:00:00,1916.79,1917.43,1915.66,1916.96,1619,12
2023.08.10 04:00:00,1917.01,1919,1915.34,1917.96,3077,12
2023.08.10 05:00:00,1917.96,1919.19,1916.97,1917,2072,12
2023.08.10 06:00:00,1917,1919.06,1916.88,1918.64,1640,12
2023.08.10 07:00:00,1918.64,1918.81,1916.35,1916.72,1253,12
2023.08.10 08:00:00,1916.73,1919.2,1915.8,1918.5,2126,12
2023.08.10 09:00:00,1918.48,1919.09,1915.51,1918.01,2742,12
2023.08.10 10:00:00,1917.96,1920.62,1917.33,1919.34,4058,12
2023.08.10 11:00:00,1919.31,1921.25,1918.62,1919.39,3502,12
2023.08.10 12:00:00,1919.39,1921.59,1919.17,1920.88,2535,12
2023.08.10 13:00:00,1920.89,1922.41,1919.84,1921.74,2725,12
2023.08.10 14:00:00,1921.74,1922.7,1920.85,1921.88,3134,12
2023.08.10 15:00:00,1921.85,1930.14,1921.18,1926.27,7649,12
2023.08.10 16:00:00,1926.25,1927.17,1918.88,1922.72,8695,12
2023.08.10 17:00:00,1922.78,1922.88,1913.46,1915.04,7591,12
2023.08.10 18:00:00,1915.01,1920.29,1912.85,1920.07,6288,12
2023.08.10 19:00:00,1920.04,1921.71,1919.5,1920.56,4395,12
2023.08.10 20:00:00,1920.57,1921,1913.43,1913.68,5580,12
2023.08.10 21:00:00,1913.67,1915.11,1912.88,1914.95,3988,12
2023.08.10 22:00:00,1914.93,1915.13,1913.06,1913.37,2856,12
2023.08.10 23:00:00,1913.32,1913.69,1912.23,1912.31,1330,12
2023.08.11 01:00:00,1912.56,1913.41,1912.04,1912.74,906,12
2023.08.11 02:00:00,1912.55,1912.76,1910.83,1912.39,953,12
2023.08.11 03:00:00,1912.4,1915.15,1911.87,1914.67,1422,12
2023.08.11 04:00:00,1914.63,1915.65,1914.26,1915.47,2751,12
2023.08.11 05:00:00,1915.5,1915.85,1914.2,1914.78,1904,12
2023.08.11 06:00:00,1914.77,1915.6,1913.18,1914.63,1785,12
2023.08.11 07:00:00,1914.62,1914.82,1912.62,1913.49,1217,12
2023.08.11 08:00:00,1913.48,1915.95,1912.76,1915.69,2287,12
2023.08.11 09:00:00,1915.69,1917.56,1915.39,1916.33,3158,12
2023.08.11 10:00:00,1916.3,1918.06,1915.8,1917.88,3497,12
2023.08.11 11:00:00,1917.89,1919.39,1916.12,1919.01,3398,12
2023.08.11 12:00:00,1919,1919.82,1917.03,1917.96,2739,12
2023.08.11 13:00:00,1917.96,1918.39,1917.13,1917.95,2185,12
2023.08.11 14:00:00,1917.95,1919.1,1917.41,1919.02,2580,12
2023.08.11 15:00:00,1919.02,1920.88,1913.19,1916.06,6262,12
2023.08.11 16:00:00,1916.05,1917.73,1912.91,1916.17,7131,12
2023.08.11 17:00:00,1916.19,1920.63,1915.52,1918.61,7496,12
2023.08.11 18:00:00,1918.63,1919.58,1912.96,1914.08,5413,12
2023.08.11 19:00:00,1914.07,1915.26,1913.55,1914.35,3573,12
2023.08.11 20:00:00,1914.34,1915.52,1913.09,1913.26,3218,12
2023.08.11 21:00:00,1913.3,1913.85,1912.56,1913.39,2302,12
2023.08.11 22:00:00,1913.39,1913.74,1912.2,1913.6,2318,12
2023.08.11 23:00:00,1913.49,1914.04,1912.87,1913.67,832,12
2023.08.14 01:00:00,1913.32,1915.18,1913.27,1913.68,1047,12
2023.08.14 02:00:00,1913.68,1914.36,1912.42,1913.63,1162,12
2023.08.14 03:00:00,1913.64,1913.76,1910.7,1910.99,2326,12
2023.08.14 04:00:00,1911.02,1913,1910.16,1911.5,3591,12
2023.08.14 05:00:00,1911.52,1912.74,1910.64,1912.02,2528,12
2023.08.14 06:00:00,1912.02,1913.62,1911.58,1912.73,1966,12
2023.08.14 07:00:00,1912.73,1913.15,1911.79,1912.39,1264,12
2023.08.14 08:00:00,1912.39,1914.61,1911.92,1912.9,2138,12
2023.08.14 09:00:00,1912.9,1914.05,1911.52,1912.1,2350,12
2023.08.14 10:00:00,1912.1,1915.94,1910.62,1914.48,4683,12
2023.08.14 11:00:00,1914.53,1916.2,1913.87,1914.28,3519,12
2023.08.14 12:00:00,1914.28,1914.42,1912.22,1914,2961,12
2023.08.14 13:00:00,1913.98,1914.98,1913.16,1914.4,2589,12
2023.08.14 14:00:00,1914.41,1914.99,1913.38,1913.95,2454,12
2023.08.14 15:00:00,1913.87,1913.99,1905.98,1910.38,6554,12
2023.08.14 16:00:00,1910.32,1910.89,1902.69,1904.17,6967,12
2023.08.14 17:00:00,1904.23,1911.59,1903.26,1908.48,7178,12
2023.08.14 18:00:00,1908.48,1911.25,1908.21,1910.66,5120,12
2023.08.14 19:00:00,1910.66,1913.2,1910.66,1911.88,4236,12
2023.08.14 20:00:00,1911.85,1913.13,1910.2,1910.31,3298,12
2023.08.14 21:00:00,1910.31,1910.58,1907.78,1908.09,2607,12
2023.08.14 22:00:00,1908.05,1908.23,1907.23,1907.57,2172,12
2023.08.14 23:00:00,1907.56,1907.87,1907.03,1907.36,1260,12
2023.08.15 01:00:00,1907.27,1907.76,1907.13,1907.51,619,12
2023.08.15 02:00:00,1907.49,1908.12,1905.1,1907.59,1136,12
2023.08.15 03:00:00,1907.6,1907.73,1904.91,1907.15,1639,12
2023.08.15 04:00:00,1907.15,1908.24,1903.73,1906.1,4395,12
2023.08.15 05:00:00,1906.08,1906.91,1904.76,1906.11,3091,12
2023.08.15 06:00:00,1906.09,1907.69,1905.55,1907.12,1831,12
2023.08.15 07:00:00,1907.11,1907.33,1906.44,1906.58,1216,12
2023.08.15 08:00:00,1906.58,1907.48,1904.13,1905.17,2808,12
2023.08.15 09:00:00,1905.25,1907.13,1903.93,1905.09,3971,12
2023.08.15 10:00:00,1905.09,1905.52,1903.48,1904.98,4382,12
2023.08.15 11:00:00,1904.99,1905.17,1903.18,1904.27,4305,12
2023.08.15 12:00:00,1904.27,1904.95,1902.89,1904.46,3428,12
2023.08.15 13:00:00,1904.43,1904.9,1902.6,1903.93,3634,12
2023.08.15 14:00:00,1903.94,1904.27,1901.98,1904.21,3506,12
2023.08.15 15:00:00,1904.23,1905.84,1896.42,1903.44,7264,12
2023.08.15 16:00:00,1903.5,1907.49,1900.11,1903.75,8339,12
2023.08.15 17:00:00,1903.75,1911.6,1902.67,1910.01,7874,12
2023.08.15 18:00:00,1909.93,1911.14,1906.54,1906.84,6000,12
2023.08.15 19:00:00,1906.85,1907.45,1903.5,1903.65,4326,12
2023.08.15 20:00:00,1903.65,1905.51,1903.3,1904.45,4442,12
2023.08.15 21:00:00,1904.48,1905.33,1902.49,1902.62,3003,12
2023.08.15 22:00:00,1902.6,1903.82,1902.47,1902.72,3348,12
2023.08.15 23:00:00,1902.69,1903.59,1901.33,1901.83,1410,12
2023.08.16 01:00:00,1901.62,1902.51,1901.17,1901.44,908,12
2023.08.16 02:00:00,1901.44,1902.27,1900.27,1901.43,964,12
2023.08.16 03:00:00,1901.45,1902.49,1900.96,1902.29,1559,12
2023.08.16 04:00:00,1902.24,1904.1,1900.5,1902.78,3823,12
2023.08.16 05:00:00,1902.72,1904.72,1902.5,1903.76,2671,12
2023.08.16 06:00:00,1903.76,1905.31,1903.64,1904.1,1721,12
2023.08.16 07:00:00,1904.1,1904.61,1902.76,1903.97,1021,12
2023.08.16 08:00:00,1903.97,1905.47,1903.45,1905.14,2161,12
2023.08.16 09:00:00,1905.09,1906.52,1904.66,1905.51,3317,12
2023.08.16 10:00:00,1905.5,1905.69,1902.84,1904.57,3957,12
2023.08.16 11:00:00,1904.57,1905.74,1903.48,1905.38,3216,12
2023.08.16 12:00:00,1905.38,1907.21,1905.24,1906.05,3058,12
2023.08.16 13:00:00,1906.05,1906.78,1905.67,1906.08,2576,12
2023.08.16 14:00:00,1906.08,1906.71,1903.1,1903.1,2801,12
2023.08.16 15:00:00,1903.09,1904.24,1900.05,1900.77,5501,12
2023.08.16 16:00:00,1900.79,1906.43,1899.36,1904.22,7103,12
2023.08.16 17:00:00,1904.21,1905.98,1903.22,1904.62,6398,12
2023.08.16 18:00:00,1904.62,1904.84,1901.39,1901.94,4965,12
2023.08.16 19:00:00,1901.93,1902.61,1898.83,1899.45,4506,12
2023.08.16 20:00:00,1899.47,1899.54,1896.97,1898.44,4013,12
2023.08.16 21:00:00,1898.39,1899.68,1894.59,1895.01,5668,12
2023.08.16 22:00:00,1895.04,1895.55,1891.84,1892.14,4365,12
2023.08.16 23:00:00,1892.27,1893.72,1891.84,1891.93,1458,12
2023.08.17 01:00:00,1892.05,1894.95,1891.96,1894.37,1165,12
2023.08.17 02:00:00,1894.39,1894.39,1892.26,1893.34,1796,12
2023.08.17 03:00:00,1893.34,1893.34,1891.07,1892.78,2368,12
2023.08.17 04:00:00,1892.83,1893,1889.55,1892.67,4375,12
2023.08.17 05:00:00,1892.62,1893.8,1892.23,1893.72,2893,12
2023.08.17 06:00:00,1893.71,1893.93,1892.34,1892.75,2176,12
2023.08.17 07:00:00,1892.74,1893.9,1892.26,1893.76,1352,12
2023.08.17 08:00:00,1893.76,1893.93,1892.11,1893.46,2107,12
2023.08.17 09:00:00,1893.5,1897.4,1892.69,1897.39,3757,12
2023.08.17 10:00:00,1897.32,1897.58,1895.34,1896.44,4130,12
2023.08.17 11:00:00,1896.44,1896.5,1893.79,1893.99,3395,12
2023.08.17 12:00:00,1893.99,1895.31,1893.64,1895.25,3050,12
2023.08.17 13:00:00,1895.25,1899.27,1895.18,1897.9,4402,12
2023.08.17 14:00:00,1897.93,1899.54,1896.93,1898.83,3884,12
2023.08.17 15:00:00,1898.83,1902.49,1896.74,1899.49,6811,12
2023.08.17 16:00:00,1899.49,1903.44,1895.75,1895.94,8026,12
2023.08.17 17:00:00,1895.97,1897.67,1893.83,1895.38,6948,12
2023.08.17 18:00:00,1895.38,1896.36,1889.17,1889.51,5578,12
2023.08.17 19:00:00,1889.5,1891.21,1887.81,1888.38,4779,12
2023.08.17 20:00:00,1888.39,1888.5,1885.09,1886.18,4557,12
2023.08.17 21:00:00,1886.19,1886.99,1885.05,1886.63,3140,12
2023.08.17 22:00:00,1886.61,1890.14,1886.58,1889.12,3956,12
2023.08.17 23:00:00,1889.1,1889.58,1888.42,1889.28,1100,12
2023.08.18 01:00:00,1889.33,1890.19,1889,1889.84,1000,12
2023.08.18 02:00:00,1889.9,1891.64,1889.24,1891.28,1244,12
2023.08.18 03:00:00,1891.27,1893.87,1890.66,1893.31,2128,12
2023.08.18 04:00:00,1893.29,1895.2,1892.41,1893.62,4018,12
2023.08.18 05:00:00,1893.61,1894.88,1892.87,1893.21,2583,12
2023.08.18 06:00:00,1893.2,1893.66,1891.64,1892.71,2256,12
2023.08.18 07:00:00,1892.71,1893.32,1891.16,1892.18,1615,12
2023.08.18 08:00:00,1892.2,1894.13,1891.65,1893.64,2088,12
2023.08.18 09:00:00,1893.67,1893.92,1891.82,1892.14,3730,12
2023.08.18 10:00:00,1892.12,1893.99,1891.91,1892.59,4000,12
2023.08.18 11:00:00,1892.57,1893.54,1891.41,1892.02,3572,12
2023.08.18 12:00:00,1892.02,1892.86,1891.38,1892.76,2415,12
2023.08.18 13:00:00,1892.76,1895.53,1892.74,1894.21,3046,12
2023.08.18 14:00:00,1894.21,1895.06,1893.24,1893.78,3011,12
2023.08.18 15:00:00,1893.83,1894.87,1888.68,1890.24,5530,12
2023.08.18 16:00:00,1890.24,1896.85,1889.37,1893.86,7459,12
2023.08.18 17:00:00,1893.87,1894.87,1891.63,1893.64,6478,12
2023.08.18 18:00:00,1893.64,1893.67,1890.45,1891.27,4886,12
2023.08.18 19:00:00,1891.25,1891.97,1888.67,1889.49,3894,12
2023.08.18 20:00:00,1889.55,1890.38,1886.78,1888.94,4109,12
2023.08.18 21:00:00,1888.97,1889.3,1887.6,1888.51,2480,12
2023.08.18 22:00:00,1888.5,1889.88,1887.59,1889.28,2482,12
2023.08.18 23:00:00,1889.28,1889.99,1888.3,1889.47,1069,12
2023.08.21 01:00:00,1889.87,1890.87,1889.24,1890.34,1159,12
2023.08.21 02:00:00,1890.29,1890.29,1888.86,1889.97,1169,12
2023.08.21 03:00:00,1889.86,1891.14,1889.86,1889.92,1683,12
2023.08.21 04:00:00,1889.88,1890.03,1885.01,1885.44,4305,12
2023.08.21 05:00:00,1885.33,1893.07,1884.82,1892.93,3948,12
2023.08.21 06:00:00,1892.95,1893.68,1890.64,1891.65,2207,12
2023.08.21 07:00:00,1891.65,1893.76,1891.45,1892.48,1659,12
2023.08.21 08:00:00,1892.5,1894.11,1887.86,1888.05,3195,12
2023.08.21 09:00:00,1887.94,1889.57,1887.41,1889,3134,12
2023.08.21 10:00:00,1889,1890.41,1887.97,1888.02,3824,12
2023.08.21 11:00:00,1887.99,1889.42,1887.56,1888.71,3493,12
2023.08.21 12:00:00,1888.69,1890.88,1888.29,1889.48,3153,12
2023.08.21 13:00:00,1889.52,1889.59,1886.82,1888.69,3094,12
2023.08.21 14:00:00,1888.67,1893.12,1887.89,1893.11,3734,12
2023.08.21 15:00:00,1893.12,1897.64,1892.8,1897.45,6820,12
2023.08.21 16:00:00,1897.56,1898.71,1888.58,1890.17,7764,12
2023.08.21 17:00:00,1890.14,1891.28,1885.3,1886.82,6909,12
2023.08.21 18:00:00,1886.83,1889.79,1885.93,1889.29,5123,12
2023.08.21 19:00:00,1889.3,1893,1889.08,1892.79,4019,12
2023.08.21 20:00:00,1892.74,1895.36,1892.53,1894.39,3939,12
2023.08.21 21:00:00,1894.4,1895.04,1893.87,1894.61,2752,12
2023.08.21 22:00:00,1894.64,1895.22,1894.19,1894.42,2223,12
2023.08.21 23:00:00,1894.41,1894.91,1894.23,1894.69,847,12
2023.08.22 01:00:00,1894.6,1895.13,1894.45,1895.03,429,12
2023.08.22 02:00:00,1895.02,1896.04,1894.66,1894.7,874,12
2023.08.22 03:00:00,1894.78,1895.79,1893.66,1895.36,1707,12
2023.08.22 04:00:00,1895.3,1897.29,1894.27,1895.16,3513,12
2023.08.22 05:00:00,1895.15,1897.26,1894.41,1894.43,3117,12
2023.08.22 06:00:00,1894.35,1897.18,1894.2,1896.07,2512,12
2023.08.22 07:00:00,1896.07,1896.38,1893.89,1893.99,1231,12
2023.08.22 08:00:00,1893.98,1896.48,1893.98,1895.34,2623,12
2023.08.22 09:00:00,1895.35,1900.26,1895.1,1898.63,4305,12
2023.08.22 10:00:00,1898.6,1901.89,1898.09,1901.6,4155,12
2023.08.22 11:00:00,1901.59,1902.33,1898.39,1900.03,3867,12
2023.08.22 12:00:00,1900.04,1903.7,1899.38,1902.88,3211,12
2023.08.22 13:00:00,1902.81,1904.44,1901.85,1901.85,3314,12
2023.08.22 14:00:00,1901.82,1903.4,1901.47,1902.22,3310,12
2023.08.22 15:00:00,1902.19,1903.42,1896.28,1897.02,5940,12
2023.08.22 16:00:00,1896.93,1897.58,1889.16,1890.16,7579,12
2023.08.22 17:00:00,1890.17,1895.8,1890.15,1895.05,7107,12
2023.08.22 18:00:00,1895.11,1899.12,1895.07,1898.05,5501,12
2023.08.22 19:00:00,1897.99,1898.9,1896.74,1897.31,3673,12
2023.08.22 20:00:00,1897.29,1898.34,1896.93,1897.65,3193,12
2023.08.22 21:00:00,1897.67,1897.83,1896.35,1897.16,2035,12
2023.08.22 22:00:00,1897.17,1897.69,1896.86,1897.51,1822,12
2023.08.22 23:00:00,1897.52,1897.87,1897.12,1897.42,753,12
2023.08.23 01:00:00,1897.27,1898.24,1897.23,1897.91,490,12
2023.08.23 02:00:00,1897.93,1898.65,1897.7,1898.54,461,12
2023.08.23 03:00:00,1898.55,1900.33,1898.45,1898.9,1714,12
2023.08.23 04:00:00,1898.9,1901.9,1898.76,1901.73,3366,12
2023.08.23 05:00:00,1901.77,1903.04,1900.79,1900.93,2523,12
2023.08.23 06:00:00,1900.92,1902.08,1900.11,1901.6,1921,12
2023.08.23 07:00:00,1901.61,1903.56,1900.71,1903.56,1598,12
2023.08.23 08:00:00,1903.62,1903.97,1902.35,1902.44,2447,12
2023.08.23 09:00:00,1902.44,1904.71,1902.28,1902.99,3190,12
2023.08.23 10:00:00,1902.98,1904.4,1901.69,1903.54,4900,12
2023.08.23 11:00:00,1903.53,1905.49,1903.51,1903.83,4434,12
2023.08.23 12:00:00,1903.79,1905.16,1901.87,1902.71,3302,12
2023.08.23 13:00:00,1902.74,1904.06,1901.27,1903.08,2988,12
2023.08.23 14:00:00,1903.09,1904.61,1902.81,1903.34,3473,12
2023.08.23 15:00:00,1903.36,1908.6,1902.67,1903.47,6116,12
2023.08.23 16:00:00,1903.44,1918.93,1903.01,1918.07,8467,12
2023.08.23 17:00:00,1918.06,1918.32,1914.55,1915.62,7817,12
2023.08.23 18:00:00,1915.59,1918.3,1915.46,1918.29,5201,12
2023.08.23 19:00:00,1918.28,1920.35,1918.23,1919.73,4285,12
2023.08.23 20:00:00,1919.73,1919.81,1917.47,1917.73,4049,12
2023.08.23 21:00:00,1917.75,1918.11,1916.3,1916.73,2714,12
2023.08.23 22:00:00,1916.7,1917.57,1916.43,1916.92,2391,12
2023.08.23 23:00:00,1916.91,1916.91,1914.47,1915.44,1293,12
2023.08.24 01:00:00,1915.44,1917.57,1915.18,1917.12,915,12
2023.08.24 02:00:00,1917.1,1918.06,1916.27,1917.89,1033,12
2023.08.24 03:00:00,1917.88,1919.33,1917.31,1918.64,1796,12
2023.08.24 04:00:00,1918.65,1919.11,1917.55,1918.77,2798,12
2023.08.24 05:00:00,1918.77,1920.87,1918.77,1919.49,2806,12
2023.08.24 06:00:00,1919.5,1921.62,1919.44,1920.82,2194,12
2023.08.24 07:00:00,1920.79,1922.23,1920.01,1921.43,2174,12
2023.08.24 08:00:00,1921.42,1922.4,1920.3,1921.54,2511,12
2023.08.24 09:00:00,1921.54,1922.95,1920.72,1921.65,3965,12
2023.08.24 10:00:00,1921.64,1922.24,1919.51,1919.54,4245,12
2023.08.24 11:00:00,1919.62,1921.98,1919.5,1920.34,3433,12
2023.08.24 12:00:00,1920.34,1921,1919.31,1919.59,2829,12
2023.08.24 13:00:00,1919.6,1920.76,1918.78,1919.27,2783,12
2023.08.24 14:00:00,1919.28,1919.67,1916.41,1916.62,2987,12
2023.08.24 15:00:00,1916.69,1916.75,1911.81,1915.15,6482,12
2023.08.24 16:00:00,1915.16,1916.78,1911.96,1916.11,7335,12
2023.08.24 17:00:00,1916.16,1923.35,1916.07,1921.39,7647,12
2023.08.24 18:00:00,1921.38,1922.19,1920.03,1921.07,5566,12
2023.08.24 19:00:00,1921.06,1921.46,1917.41,1918.37,4347,12
2023.08.24 20:00:00,1918.39,1919.65,1916.74,1917.15,3726,12
2023.08.24 21:00:00,1917.18,1918.06,1916.69,1916.89,2500,12
2023.08.24 22:00:00,1916.91,1918.09,1916.78,1916.86,2399,12
2023.08.24 23:00:00,1916.78,1917.52,1916.28,1916.72,832,12
2023.08.25 01:00:00,1917.03,1917.24,1916.56,1916.89,560,12
2023.08.25 02:00:00,1916.89,1916.93,1915.68,1915.88,832,12
2023.08.25 03:00:00,1915.88,1916.6,1915.17,1915.53,1586,12
2023.08.25 04:00:00,1915.52,1917.54,1914.7,1917.01,2928,12
2023.08.25 05:00:00,1916.97,1917.14,1914.37,1914.83,2565,12
2023.08.25 06:00:00,1914.82,1915.02,1913.15,1913.46,1835,12
2023.08.25 07:00:00,1913.46,1914.85,1913.28,1913.72,1500,12
2023.08.25 08:00:00,1913.73,1914.74,1913.09,1914.43,2179,12
2023.08.25 09:00:00,1914.42,1915.13,1912.81,1913.12,3156,12
2023.08.25 10:00:00,1913.1,1916.13,1913.1,1914.19,3431,12
2023.08.25 11:00:00,1914.19,1915.46,1913.3,1915.4,2828,12
2023.08.25 12:00:00,1915.37,1918,1915.18,1916.1,2629,12
2023.08.25 13:00:00,1916.1,1917.83,1915.72,1917.75,2344,12
2023.08.25 14:00:00,1917.75,1918.43,1916.16,1918.34,2695,12
2023.08.25 15:00:00,1918.33,1920.23,1916.42,1917.25,4659,12
2023.08.25 16:00:00,1917.25,1917.67,1913.39,1915.41,6300,12
2023.08.25 17:00:00,1915.44,1922.37,1903.8,1904.66,10012,12
2023.08.25 18:00:00,1904.63,1910.64,1903.95,1907.8,7550,12
2023.08.25 19:00:00,1907.85,1910.66,1907.6,1910.03,4960,12
2023.08.25 20:00:00,1910.04,1912.71,1909.91,1912.35,4261,12
2023.08.25 21:00:00,1912.35,1914.72,1911.88,1913.35,3444,12
2023.08.25 22:00:00,1913.37,1914.38,1912.12,1914.32,2806,12
2023.08.25 23:00:00,1914.36,1914.94,1913.29,1914.36,1059,12
2023.08.28 01:00:00,1914.73,1916.03,1914.59,1914.87,767,12
2023.08.28 02:00:00,1914.95,1916.09,1914.31,1915.09,1288,12
2023.08.28 03:00:00,1914.94,1916.67,1914.62,1915.74,1763,12
2023.08.28 04:00:00,1915.64,1917.42,1915.26,1915.53,3795,12
2023.08.28 05:00:00,1915.55,1916.24,1915.1,1915.51,2210,12
2023.08.28 06:00:00,1915.51,1917.06,1915.35,1916.29,1720,12
2023.08.28 07:00:00,1916.29,1916.76,1914.71,1915.62,1425,12
2023.08.28 08:00:00,1915.58,1917.58,1915.18,1915.64,2283,12
2023.08.28 09:00:00,1915.64,1917.78,1915.64,1915.93,2795,12
2023.08.28 10:00:00,1915.97,1916.42,1914.35,1914.55,2751,12
2023.08.28 11:00:00,1914.55,1915.28,1913.49,1914.69,2573,12
2023.08.28 12:00:00,1914.67,1915.75,1913.92,1914.08,2144,12
2023.08.28 13:00:00,1914.08,1915.21,1913.75,1915.21,2040,12
2023.08.28 14:00:00,1915.21,1915.47,1914.42,1914.77,2273,12
2023.08.28 15:00:00,1914.78,1917.33,1913.37,1917.11,4540,12
2023.08.28 16:00:00,1917.12,1918.85,1912.81,1918.1,5995,12
2023.08.28 17:00:00,1918.09,1919.91,1917.33,1918.73,5542,12
2023.08.28 18:00:00,1918.74,1926.07,1918.11,1924.78,5378,12
2023.08.28 19:00:00,1924.77,1925.25,1920.21,1920.69,3745,12
2023.08.28 20:00:00,1920.68,1920.84,1916.9,1920.33,3988,12
2023.08.28 21:00:00,1920.34,1920.52,1919.45,1919.56,1977,12
2023.08.28 22:00:00,1919.6,1920.61,1919.48,1919.69,2050,12
2023.08.28 23:00:00,1919.69,1920.34,1919.61,1920.17,826,12
2023.08.29 01:00:00,1920.03,1920.93,1919.96,1920.75,479,12
2023.08.29 02:00:00,1920.75,1921.61,1920.69,1921.25,571,12
2023.08.29 03:00:00,1921.25,1922.07,1921.06,1921.64,1455,12
2023.08.29 04:00:00,1921.64,1923.03,1921.31,1922.05,2748,12
2023.08.29 05:00:00,1922.05,1923.93,1921.45,1923.84,2087,12
2023.08.29 06:00:00,1923.92,1925.79,1923.59,1925.39,2313,12
2023.08.29 07:00:00,1925.39,1925.59,1923.86,1923.91,1442,12
2023.08.29 08:00:00,1923.96,1925.59,1923.25,1924.42,2062,12
2023.08.29 09:00:00,1924.41,1925.29,1922.86,1922.92,2739,12
2023.08.29 10:00:00,1922.74,1924.92,1921.62,1923.25,3451,12
2023.08.29 11:00:00,1923.24,1924.29,1922.25,1922.92,3261,12
2023.08.29 12:00:00,1922.85,1924.46,1922.55,1924.29,2829,12
2023.08.29 13:00:00,1924.37,1924.38,1920.19,1920.3,3019,12
2023.08.29 14:00:00,1920.31,1920.45,1916.73,1917.22,3791,12
2023.08.29 15:00:00,1917.22,1917.28,1914.45,1917.02,5768,12
2023.08.29 16:00:00,1917.02,1921.93,1916.76,1921.07,6474,12
2023.08.29 17:00:00,1921.04,1934.89,1920.89,1934.15,9100,12
2023.08.29 18:00:00,1934.13,1937.6,1932.71,1936.68,5922,12
2023.08.29 19:00:00,1936.69,1937.69,1934.01,1936.25,4330,12
2023.08.29 20:00:00,1936.25,1938.14,1935.86,1937.2,4239,12
2023.08.29 21:00:00,1937.16,1937.21,1935.15,1937.05,2652,12
2023.08.29 22:00:00,1937.04,1938.11,1936.38,1938.01,2237,12
2023.08.29 23:00:00,1937.93,1937.96,1937.25,1937.41,1087,12
2023.08.30 01:00:00,1937.32,1937.69,1936.66,1937.16,841,12
2023.08.30 02:00:00,1937.16,1937.55,1935.93,1936.24,995,12
2023.08.30 03:00:00,1936.25,1937.24,1935.92,1936.79,1735,12
2023.08.30 04:00:00,1936.82,1937.1,1935.36,1936.16,3365,12
2023.08.30 05:00:00,1936.16,1937.49,1936.09,1936.75,2787,12
2023.08.30 06:00:00,1936.76,1936.97,1935.94,1936.82,1452,12
2023.08.30 07:00:00,1936.82,1937.11,1935.92,1936.1,1393,12
2023.08.30 08:00:00,1936.1,1936.89,1935.23,1935.37,2288,12
2023.08.30 09:00:00,1935.35,1936.87,1935.19,1936.13,3327,12
2023.08.30 10:00:00,1936.12,1936.81,1934.97,1936.5,3486,12
2023.08.30 11:00:00,1936.5,1936.96,1935.48,1936.59,3495,12
2023.08.30 12:00:00,1936.58,1938.77,1935.95,1938.1,3110,12
2023.08.30 13:00:00,1938.09,1938.31,1936.65,1937.91,2323,12
2023.08.30 14:00:00,1937.91,1939.65,1937.22,1939.11,3224,12
2023.08.30 15:00:00,1939.1,1945.73,1938.76,1945.16,7717,12
2023.08.30 16:00:00,1945.07,1948.68,1942.86,1947.42,8083,12
2023.08.30 17:00:00,1947.34,1949.11,1945.09,1946.55,7560,12
2023.08.30 18:00:00,1946.6,1946.97,1944.12,1944.96,5779,12
2023.08.30 19:00:00,1944.95,1945.02,1943.15,1944.91,4168,12
2023.08.30 20:00:00,1944.91,1945.67,1943.51,1943.71,3199,12
2023.08.30 21:00:00,1943.7,1944.48,1942.9,1943.87,2465,12
2023.08.30 22:00:00,1943.84,1943.93,1943.09,1943.44,2112,12
2023.08.30 23:00:00,1943.38,1943.63,1942.05,1942.39,1163,12
2023.08.31 01:00:00,1942.41,1945.41,1942.41,1944.63,1204,12
2023.08.31 02:00:00,1944.63,1944.73,1943.74,1944.24,1032,12
2023.08.31 03:00:00,1944.33,1945.53,1944.18,1945.38,1563,12
2023.08.31 04:00:00,1945.39,1947.69,1945.35,1947.19,3165,12
2023.08.31 05:00:00,1947.24,1947.74,1945.48,1946.13,2273,12
2023.08.31 06:00:00,1946.13,1946.16,1944.76,1945.16,1789,12
2023.08.31 07:00:00,1945.16,1946.05,1944.9,1945.77,1115,12
2023.08.31 08:00:00,1945.8,1945.93,1944.51,1945.42,2059,12
2023.08.31 09:00:00,1945.42,1945.76,1943.25,1943.79,3007,12
2023.08.31 10:00:00,1943.79,1946.32,1943.79,1945.07,3452,12
2023.08.31 11:00:00,1945.07,1945.54,1944.34,1944.4,2869,12
2023.08.31 12:00:00,1944.4,1945.15,1943.68,1944.76,3105,12
2023.08.31 13:00:00,1944.76,1945.35,1943.93,1944.29,2222,12
2023.08.31 14:00:00,1944.37,1945.94,1943.82,1945.66,2966,12
2023.08.31 15:00:00,1945.66,1947.89,1943.11,1945.82,6441,12
2023.08.31 16:00:00,1945.85,1946.4,1940.4,1943.72,7370,12
2023.08.31 17:00:00,1943.75,1945.09,1941.12,1942.96,6787,12
2023.08.31 18:00:00,1942.99,1943.71,1939.05,1940.65,5773,12
2023.08.31 19:00:00,1940.67,1942.51,1940.56,1941.71,3767,12
2023.08.31 20:00:00,1941.7,1941.82,1939.1,1940.47,3046,12
2023.08.31 21:00:00,1940.46,1942.1,1940.29,1941.37,2207,12
2023.08.31 22:00:00,1941.37,1941.69,1939.98,1940.03,2303,12
2023.08.31 23:00:00,1940.12,1940.59,1939.41,1940.07,1069,12
2023.09.01 01:00:00,1940,1940.27,1939.77,1940.09,616,12
2023.09.01 02:00:00,1940.09,1940.11,1939.07,1939.86,701,12
2023.09.01 03:00:00,1939.88,1940.27,1938.67,1939.34,1526,12
2023.09.01 04:00:00,1939.35,1944.03,1939.33,1942.57,3932,12
2023.09.01 05:00:00,1942.57,1942.65,1939.96,1940.55,2385,12
2023.09.01 06:00:00,1940.46,1940.46,1938.72,1938.98,1875,12
2023.09.01 07:00:00,1938.98,1940.22,1938.23,1940,1225,12
2023.09.01 08:00:00,1940,1940.68,1939.22,1939.72,1764,12
2023.09.01 09:00:00,1939.79,1940.45,1938.44,1940.38,2810,12
2023.09.01 10:00:00,1940.38,1943.52,1940.32,1943.12,3445,12
2023.09.01 11:00:00,1943.12,1943.76,1941.92,1942.96,2723,12
2023.09.01 12:00:00,1942.96,1944.47,1942.88,1944.24,2349,12
2023.09.01 13:00:00,1944.24,1944.37,1943.46,1944.27,2016,12
2023.09.01 14:00:00,1944.27,1945.87,1943.97,1944.49,2835,12
2023.09.01 15:00:00,1944.48,1952.9,1944.26,1949.93,7172,12
2023.09.01 16:00:00,1949.97,1951.46,1940.16,1943.83,8939,12
2023.09.01 17:00:00,1942.32,1942.62,1934.41,1940.06,8904,12
2023.09.01 18:00:00,1940.05,1940.5,1936.73,1938.8,5705,12
2023.09.01 19:00:00,1938.81,1939.86,1937.62,1938.14,4315,12
2023.09.01 20:00:00,1938.16,1941.57,1937.32,1941.16,3034,12
2023.09.01 21:00:00,1941.16,1941.19,1940.25,1941.12,1634,12
2023.09.01 22:00:00,1941.11,1941.36,1940.47,1940.53,1723,12
2023.09.01 23:00:00,1940.53,1940.73,1939.58,1939.78,866,12
2023.09.04 01:00:00,1940.37,1940.49,1939.4,1939.57,598,12
2023.09.04 02:00:00,1939.55,1941.09,1939.51,1940.57,660,12
2023.09.04 03:00:00,1940.57,1941.72,1940.15,1940.91,1498,12
2023.09.04 04:00:00,1940.87,1944.02,1940.46,1943.01,3655,12
2023.09.04 05:00:00,1943.01,1946.08,1943,1945.7,2743,12
2023.09.04 06:00:00,1945.7,1946,1944.87,1944.97,1634,12
2023.09.04 07:00:00,1944.97,1945.17,1944.26,1945.08,1020,12
2023.09.04 08:00:00,1945.06,1945.82,1944.06,1944.51,2152,12
2023.09.04 09:00:00,1944.61,1946.31,1944.39,1945.09,3247,12
2023.09.04 10:00:00,1945.09,1945.26,1943.12,1943.82,3139,12
2023.09.04 11:00:00,1943.82,1944.48,1942.68,1943.86,2121,12
2023.09.04 12:00:00,1943.87,1944.22,1940.81,1941,2491,12
2023.09.04 13:00:00,1941,1942.74,1940.29,1940.49,2173,12
2023.09.04 14:00:00,1940.51,1941.99,1939.86,1941.67,2121,12
2023.09.04 15:00:00,1941.68,1941.76,1939.88,1939.97,2200,12
2023.09.04 16:00:00,1939.95,1940.23,1937.89,1938.23,3956,12
2023.09.04 17:00:00,1938.18,1938.79,1936.77,1938.32,3117,12
2023.09.04 18:00:00,1938.34,1939.06,1938.07,1938.64,1946,12
2023.09.04 19:00:00,1938.64,1938.86,1937.95,1938.35,1337,12
2023.09.04 20:00:00,1938.35,1938.84,1937.96,1938.51,441,12
2023.09.04 21:00:00,1938.51,1938.81,1938.41,1938.64,149,12
2023.09.05 01:00:00,1938.48,1938.81,1937.98,1938.1,617,12
2023.09.05 02:00:00,1938.12,1938.6,1937.52,1937.6,576,12
2023.09.05 03:00:00,1937.6,1937.95,1937.01,1937.83,1319,12
2023.09.05 04:00:00,1937.85,1938.69,1934.98,1935.84,2715,12
2023.09.05 05:00:00,1935.88,1937.51,1935.19,1937.06,2362,12
2023.09.05 06:00:00,1937.06,1937.41,1936.07,1936.99,1688,12
2023.09.05 07:00:00,1936.99,1938.94,1936.92,1938.56,1473,12
2023.09.05 08:00:00,1938.56,1938.95,1936.54,1937.02,2263,12
2023.09.05 09:00:00,1937.02,1937.28,1935.17,1936.74,3670,12
2023.09.05 10:00:00,1936.79,1938.24,1935.5,1935.6,3854,12
2023.09.05 11:00:00,1935.6,1935.72,1932.23,1933.48,3673,12
2023.09.05 12:00:00,1933.47,1933.5,1930.58,1930.72,3405,12
2023.09.05 13:00:00,1930.73,1932.41,1930.18,1931.08,2872,12
2023.09.05 14:00:00,1931.09,1931.93,1929.9,1930.47,3163,12
2023.09.05 15:00:00,1930.47,1934.75,1927.96,1933.78,6178,12
2023.09.05 16:00:00,1933.82,1934.22,1926.8,1927.76,8111,12
2023.09.05 17:00:00,1927.82,1928.32,1925.35,1927.44,7135,12
2023.09.05 18:00:00,1927.43,1928.98,1926.05,1926.05,5090,12
2023.09.05 19:00:00,1926.05,1927.97,1926.05,1927.27,3572,12
2023.09.05 20:00:00,1927.28,1927.49,1926.26,1926.51,3038,12
2023.09.05 21:00:00,1926.5,1927.5,1925.93,1926.01,2063,12
2023.09.05 22:00:00,1926.01,1927.34,1925.43,1925.87,2203,12
2023.09.05 23:00:00,1925.91,1926.41,1925.38,1926.06,1057,12
2023.09.06 01:00:00,1926.09,1926.52,1926.02,1926.41,396,12
2023.09.06 02:00:00,1926.4,1926.92,1925.85,1926.6,931,12
2023.09.06 03:00:00,1926.62,1926.72,1924.52,1924.78,1576,12
2023.09.06 04:00:00,1924.78,1925.69,1924.22,1924.87,3402,12
2023.09.06 05:00:00,1924.94,1926.77,1924.39,1926.39,2431,12
2023.09.06 06:00:00,1926.39,1926.62,1925.73,1926.53,1670,12
2023.09.06 07:00:00,1926.51,1927.35,1926.44,1927.19,1293,12
2023.09.06 08:00:00,1927.24,1928.47,1927.14,1928.19,2475,12
2023.09.06 09:00:00,1928.2,1928.38,1925.65,1926.09,3233,12
2023.09.06 10:00:00,1926.08,1926.6,1922.87,1922.96,4203,12
2023.09.06 11:00:00,1922.95,1924.94,1922.53,1924.72,3294,12
2023.09.06 12:00:00,1924.73,1925.54,1922.81,1925.29,2712,12
2023.09.06 13:00:00,1925.29,1927.68,1925.29,1926.46,2873,12
2023.09.06 14:00:00,1926.54,1926.99,1925.28,1925.45,2667,12
2023.09.06 15:00:00,1925.45,1927.31,1923.12,1923.22,4940,12
2023.09.06 16:00:00,1923.16,1929.15,1921.14,1928.12,7661,12
2023.09.06 17:00:00,1923.57,1923.83,1915.31,1918.1,8571,12
2023.09.06 18:00:00,1918.09,1918.26,1915.52,1916.8,5087,12
2023.09.06 19:00:00,1916.81,1920.23,1916.26,1919.98,3759,12
2023.09.06 20:00:00,1920,1920.67,1917.52,1917.65,3132,12
2023.09.06 21:00:00,1917.66,1918.14,1915.99,1917.64,2202,12
2023.09.06 22:00:00,1917.65,1917.74,1916.39,1916.68,1968,12
2023.09.06 23:00:00,1916.72,1917.06,1915.98,1916.42,910,12
2023.09.07 01:00:00,1917.2,1918.36,1917.06,1917.58,844,12
2023.09.07 02:00:00,1917.59,1917.91,1916.89,1917.09,712,12
2023.09.07 03:00:00,1917.08,1917.12,1916.29,1916.84,1504,12
2023.09.07 04:00:00,1916.84,1919.64,1916.63,1919.51,2837,12
2023.09.07 05:00:00,1919.51,1919.8,1917.71,1919.76,2141,12
2023.09.07 06:00:00,1919.77,1920.68,1919.38,1920.12,1998,12
2023.09.07 07:00:00,1920.13,1920.26,1917.99,1918.96,1487,12
2023.09.07 08:00:00,1918.96,1919.4,1917.41,1917.54,2222,12
2023.09.07 09:00:00,1917.54,1919.8,1917.46,1918.4,3186,12
2023.09.07 10:00:00,1918.47,1918.7,1917.09,1918.35,3399,12
2023.09.07 11:00:00,1918.33,1919.32,1917.36,1918.82,2855,12
2023.09.07 12:00:00,1918.84,1920.47,1918.58,1920.25,2536,12
2023.09.07 13:00:00,1920.22,1921.13,1919.47,1920.02,2575,12
2023.09.07 14:00:00,1920.02,1922.28,1920,1921.83,3061,12
2023.09.07 15:00:00,1921.83,1923.56,1916.22,1923.25,6422,12
2023.09.07 16:00:00,1923.24,1923.5,1918.21,1920,7355,12
2023.09.07 17:00:00,1920.01,1921.51,1917.24,1918.05,6116,12
2023.09.07 18:00:00,1918.04,1921.35,1917.23,1920.91,4423,12
2023.09.07 19:00:00,1920.91,1921.42,1918.01,1918.02,3167,12
2023.09.07 20:00:00,1918.02,1919.32,1917.46,1918.44,2380,12
2023.09.07 21:00:00,1918.44,1920.72,1918.06,1920.34,1873,12
2023.09.07 22:00:00,1920.33,1920.55,1918.71,1918.78,1439,12
2023.09.07 23:00:00,1918.81,1919.75,1918.81,1919.6,847,12
2023.09.08 01:00:00,1919.58,1920.14,1919.36,1919.77,582,12
2023.09.08 02:00:00,1919.78,1920.32,1919.76,1920.24,681,12
2023.09.08 03:00:00,1920.24,1924.53,1920.08,1923.69,2875,12
2023.09.08 04:00:00,1923.67,1926.01,1922.89,1925.87,4330,12
2023.09.08 05:00:00,1925.9,1927.18,1925.08,1925.95,2800,12
2023.09.08 06:00:00,1925.95,1926.24,1924.38,1924.93,1750,12
2023.09.08 07:00:00,1924.93,1925.04,1924.28,1924.54,1180,12
2023.09.08 08:00:00,1924.53,1925.97,1924.29,1925.66,1829,12
2023.09.08 09:00:00,1925.66,1927.29,1924.87,1925.34,3175,12
2023.09.08 10:00:00,1925.36,1925.97,1923.85,1924.13,3419,12
2023.09.08 11:00:00,1924.14,1924.8,1923.37,1924.69,3017,12
2023.09.08 12:00:00,1924.67,1925.84,1923.93,1925.17,2504,12
2023.09.08 13:00:00,1925.18,1925.56,1923.35,1923.5,2064,12
2023.09.08 14:00:00,1923.53,1923.94,1922.62,1923.01,2667,12
2023.09.08 15:00:00,1923.01,1926.04,1920.39,1920.44,5013,12
2023.09.08 16:00:00,1920.46,1928.87,1920.2,1928.66,6703,12
2023.09.08 17:00:00,1928.65,1929.68,1923.85,1923.87,6159,12
2023.09.08 18:00:00,1923.86,1924.26,1919.22,1919.6,5159,12
2023.09.08 19:00:00,1919.6,1919.87,1917.35,1919.67,3689,12
2023.09.08 20:00:00,1919.71,1920.45,1918.84,1920.45,2622,12
2023.09.08 21:00:00,1920.48,1920.68,1918.39,1918.58,1904,12
2023.09.08 22:00:00,1918.57,1919.4,1918.12,1919.2,1674,12
2023.09.08 23:00:00,1919.19,1919.37,1918.8,1919.02,576,12
2023.09.11 01:00:00,1920.12,1920.51,1917.94,1918.33,1450,12
2023.09.11 02:00:00,1918.18,1919.71,1916.73,1918.83,1329,12
2023.09.11 03:00:00,1918.84,1920.22,1918.36,1920.02,2179,12
2023.09.11 04:00:00,1920,1923.22,1919.1,1922.41,3923,12
2023.09.11 05:00:00,1922.41,1924.14,1922.33,1922.67,3197,12
2023.09.11 06:00:00,1922.66,1923.6,1922.29,1923.3,2112,12
2023.09.11 07:00:00,1923.28,1926.74,1922.98,1926.5,2876,12
2023.09.11 08:00:00,1926.5,1928.03,1925.95,1927.66,4041,12
2023.09.11 09:00:00,1927.64,1928.61,1926.31,1927.88,3812,12
2023.09.11 10:00:00,1927.91,1930.67,1926.27,1926.48,4248,12
2023.09.11 11:00:00,1926.42,1927.81,1925.4,1927.78,3289,12
2023.09.11 12:00:00,1927.71,1928.03,1925.33,1925.37,2917,12
2023.09.11 13:00:00,1925.36,1926.34,1924.73,1925.79,2462,12
2023.09.11 14:00:00,1925.77,1926.5,1924.66,1925.19,2912,12
2023.09.11 15:00:00,1925.19,1927.32,1924.22,1927.29,5071,12
2023.09.11 16:00:00,1927.27,1930.09,1924.38,1925.87,6529,12
2023.09.11 17:00:00,1925.86,1926.68,1921.54,1922.57,6241,12
2023.09.11 18:00:00,1922.57,1924.38,1921.38,1923.03,4364,12
2023.09.11 19:00:00,1923.03,1925.09,1922.77,1923.41,2864,12
2023.09.11 20:00:00,1923.42,1924.32,1922.41,1922.65,2748,12
2023.09.11 21:00:00,1922.65,1922.93,1921.45,1921.83,2010,12
2023.09.11 22:00:00,1921.84,1923.18,1921.56,1922.71,1968,12
2023.09.11 23:00:00,1922.66,1922.68,1922.22,1922.33,704,12
2023.09.12 01:00:00,1922.78,1923.34,1922.49,1922.51,579,12
2023.09.12 02:00:00,1922.49,1922.55,1921.27,1921.63,881,12
2023.09.12 03:00:00,1921.63,1922.63,1921.21,1921.55,1550,12
2023.09.12 04:00:00,1921.55,1923.52,1920.34,1921.84,3229,12
2023.09.12 05:00:00,1921.81,1923.35,1921.21,1923.01,2768,12
2023.09.12 06:00:00,1923.01,1924.31,1922.26,1923.66,1832,12
2023.09.12 07:00:00,1923.68,1924.49,1922.23,1922.26,1624,12
2023.09.12 08:00:00,1922.25,1922.34,1919.91,1920.27,2307,12
2023.09.12 09:00:00,1920.26,1920.7,1918.87,1919.99,3084,12
2023.09.12 10:00:00,1919.96,1920.09,1918.82,1918.99,2933,12
2023.09.12 11:00:00,1918.99,1921.33,1918.61,1919.74,3028,12
2023.09.12 12:00:00,1919.74,1920.03,1918.59,1918.99,2386,12
2023.09.12 13:00:00,1918.99,1919.61,1914.78,1915.55,3178,12
2023.09.12 14:00:00,1915.59,1915.59,1911.13,1912.95,4008,12
2023.09.12 15:00:00,1912.95,1912.95,1908.64,1909.75,5492,12
2023.09.12 16:00:00,1909.69,1911.85,1907.6,1909.22,6796,12
2023.09.12 17:00:00,1909.22,1914.68,1908.39,1911.91,5852,12
2023.09.12 18:00:00,1911.95,1913.73,1911.67,1912.45,3763,12
2023.09.12 19:00:00,1912.55,1915.04,1911.69,1912.35,3256,12
2023.09.12 20:00:00,1912.36,1913.31,1911.77,1912.04,3029,12
2023.09.12 21:00:00,1912.04,1913.47,1911.82,1913.38,2113,12
2023.09.12 22:00:00,1913.38,1913.59,1912.64,1912.99,1740,12
2023.09.12 23:00:00,1912.92,1913.51,1912.63,1913.37,917,12